date;jour;b1;b2;b3;b4;b5;chance;d1;d2;d3;d4;d5
2008-10-06;LUNDI;19;24;27;33;41;9;19;33;41;24;27
2008-10-08;MERCREDI;22;24;32;41;48;1;24;48;32;41;22
2008-10-11;SAMEDI;10;20;22;39;46;4;46;22;10;39;20
2008-10-13;LUNDI;10;11;37;41;48;4;11;10;41;37;48
2008-10-15;MERCREDI;18;20;28;40;49;1;49;28;18;20;40
2008-10-18;SAMEDI;4;32;35;39;44;10;44;35;4;32;39
2008-10-20;LUNDI;7;15;31;43;48;3;43;7;48;31;15
2008-10-22;MERCREDI;11;12;14;28;48;2;11;28;12;48;14
2008-10-25;SAMEDI;11;13;19;22;46;3;13;11;22;46;19
2008-10-27;LUNDI;4;6;37;44;46;2;46;37;44;4;6
2008-10-29;MERCREDI;22;28;41;43;49;4;43;28;22;41;49
2008-11-01;SAMEDI;4;22;27;36;45;3;22;4;27;36;45
2008-11-03;LUNDI;2;20;23;24;26;8;26;2;23;20;24
2008-11-05;MERCREDI;4;8;15;38;47;7;47;4;38;15;8
2008-11-08;SAMEDI;5;22;25;33;35;9;25;35;33;5;22
2008-11-10;LUNDI;9;12;21;38;45;6;12;9;21;45;38
2008-11-12;MERCREDI;23;34;35;40;45;5;45;35;34;40;23
2008-11-15;SAMEDI;10;22;41;43;48;3;41;10;48;43;22
2008-11-17;LUNDI;1;6;19;23;41;6;1;6;19;23;41
2008-11-19;MERCREDI;2;26;34;37;41;4;34;26;37;41;2
2008-11-22;SAMEDI;12;20;30;36;45;6;45;12;30;36;20
2008-11-24;LUNDI;17;30;31;36;43;8;43;36;31;30;17
2008-11-26;MERCREDI;11;13;25;28;49;5;49;11;13;25;28
2008-11-29;SAMEDI;18;20;22;32;36;7;18;36;20;32;22
2008-12-01;LUNDI;15;19;32;37;38;1;32;15;19;37;38
2008-12-03;MERCREDI;26;29;31;34;42;10;26;29;34;42;31
2008-12-06;SAMEDI;2;5;13;24;48;4;48;2;5;13;24
2008-12-08;LUNDI;1;11;15;29;31;8;29;15;1;31;11
2008-12-10;MERCREDI;10;11;35;38;41;3;41;38;10;35;11
2008-12-13;SAMEDI;8;24;31;38;42;7;24;38;8;42;31
2008-12-15;LUNDI;2;5;15;27;48;8;48;5;15;2;27
2008-12-17;MERCREDI;13;31;33;44;49;9;49;44;31;13;33
2008-12-20;SAMEDI;2;22;26;41;46;5;41;46;2;22;26
2008-12-22;LUNDI;2;5;27;35;48;3;5;27;2;35;48
2008-12-24;MERCREDI;2;4;27;33;41;5;33;27;2;41;4
2008-12-27;SAMEDI;17;36;37;47;49;10;36;47;17;49;37
2008-12-29;LUNDI;14;21;26;27;38;4;26;38;14;21;27
2008-12-31;MERCREDI;5;11;20;24;30;8;11;5;20;30;24
2009-01-03;SAMEDI;12;22;24;38;47;1;47;22;24;12;38
2009-01-05;LUNDI;8;11;25;29;36;2;8;29;36;25;11
2009-01-07;MERCREDI;9;11;33;37;39;8;37;39;9;33;11
2009-01-10;SAMEDI;10;21;40;44;49;2;49;40;21;10;44
2009-01-12;LUNDI;4;9;11;29;47;8;47;11;29;4;9
2009-01-14;MERCREDI;1;5;13;19;42;3;5;42;1;19;13
2009-01-17;SAMEDI;2;5;27;37;46;4;2;46;27;37;5
2009-01-19;LUNDI;7;26;32;38;39;9;39;38;7;32;26
2009-01-21;MERCREDI;3;10;32;35;47;3;32;47;10;35;3
2009-01-24;SAMEDI;5;15;20;28;40;10;5;40;15;20;28
2009-01-26;LUNDI;8;10;13;39;49;10;39;8;13;49;10
2009-01-28;MERCREDI;7;38;40;41;46;5;40;7;41;38;46
2009-01-31;SAMEDI;6;18;31;36;40;7;6;31;40;18;36
2009-02-02;LUNDI;4;12;31;38;41;8;4;38;12;31;41
2009-02-04;MERCREDI;10;20;27;43;47;3;20;43;47;27;10
2009-02-07;SAMEDI;4;16;22;34;49;10;4;16;34;22;49
2009-02-09;LUNDI;3;13;17;31;46;5;17;13;31;3;46
2009-02-11;MERCREDI;1;10;14;35;46;8;35;46;10;1;14
2009-02-14;SAMEDI;12;16;18;24;44;4;12;24;18;44;16
2009-02-16;LUNDI;16;21;23;29;46;4;46;23;29;21;16
2009-02-18;MERCREDI;10;23;28;40;43;9;28;40;10;23;43
2009-02-21;SAMEDI;21;39;40;47;48;5;47;21;48;39;40
2009-02-23;LUNDI;3;14;22;31;34;7;3;14;34;31;22
2009-02-25;MERCREDI;4;15;21;30;36;4;15;4;21;30;36
2009-02-28;SAMEDI;14;16;25;41;45;10;45;14;41;25;16
2009-03-02;LUNDI;8;14;29;41;48;10;41;29;14;48;8
2009-03-04;MERCREDI;7;9;10;25;29;6;7;9;29;25;10
2009-03-07;SAMEDI;2;15;22;24;36;8;36;15;24;2;22
2009-03-09;LUNDI;3;5;27;32;40;9;27;32;5;40;3
2009-03-11;MERCREDI;4;7;8;11;22;5;4;7;11;22;8
2009-03-14;SAMEDI;11;18;20;27;38;6;27;18;20;11;38
2009-03-16;LUNDI;27;35;36;44;45;2;27;45;35;36;44
2009-03-18;MERCREDI;3;20;34;39;42;2;42;3;39;20;34
2009-03-21;SAMEDI;2;15;32;39;45;10;45;32;15;2;39
2009-03-23;LUNDI;1;2;10;25;33;4;1;25;10;2;33
2009-03-25;MERCREDI;5;10;15;33;34;7;10;34;15;33;5
2009-03-28;SAMEDI;19;22;23;26;27;2;19;26;23;22;27
2009-03-30;LUNDI;24;29;32;45;47;10;32;47;45;29;24
2009-04-01;MERCREDI;22;27;30;37;45;3;37;27;30;22;45
2009-04-04;SAMEDI;8;27;37;41;45;6;37;41;27;8;45
2009-04-06;LUNDI;28;31;33;43;48;7;43;33;48;31;28
2009-04-08;MERCREDI;7;10;33;34;46;6;46;33;10;34;7
2009-04-11;SAMEDI;2;5;19;21;23;7;21;5;2;23;19
2009-04-13;LUNDI;9;11;20;24;30;1;20;24;30;11;9
2009-04-15;MERCREDI;12;23;37;39;43;8;23;43;37;12;39
2009-04-18;SAMEDI;12;20;31;32;45;8;31;20;45;12;32
2009-04-20;LUNDI;11;12;34;38;43;3;11;34;38;43;12
2009-04-22;MERCREDI;2;31;33;43;49;9;2;31;49;33;43
2009-04-25;SAMEDI;9;20;23;34;49;8;34;23;49;9;20
2009-04-27;LUNDI;4;9;21;34;37;2;9;37;21;34;4
2009-04-29;MERCREDI;4;15;26;29;30;3;4;30;29;26;15
2009-05-02;SAMEDI;5;7;11;15;23;1;7;15;11;5;23
2009-05-04;LUNDI;1;12;23;33;46;1;33;1;23;12;46
2009-05-06;MERCREDI;13;20;36;44;48;1;48;36;13;20;44
2009-05-09;SAMEDI;20;22;28;30;45;3;45;28;22;30;20
2009-05-11;LUNDI;9;15;27;34;48;6;15;27;48;9;34
2009-05-13;MERCREDI;12;36;38;39;49;10;38;36;49;39;12
2009-05-16;SAMEDI;1;2;7;26;44;9;1;2;26;44;7
2009-05-18;LUNDI;26;28;34;35;49;4;49;26;35;34;28
2009-05-20;MERCREDI;3;15;23;28;35;10;35;28;15;3;23
2009-05-23;SAMEDI;3;13;25;33;38;3;38;13;33;3;25
2009-05-25;LUNDI;3;6;25;40;46;4;46;40;6;3;25
2009-05-27;MERCREDI;3;5;7;23;48;7;7;48;5;3;23
2009-05-30;SAMEDI;10;14;25;30;34;9;30;25;34;14;10
2009-06-01;LUNDI;18;24;26;35;47;1;18;26;47;24;35
2009-06-03;MERCREDI;14;21;26;32;46;6;46;21;32;26;14
2009-06-06;SAMEDI;13;15;32;33;46;10;32;46;13;33;15
2009-06-08;LUNDI;22;25;29;31;41;5;31;29;41;25;22
2009-06-10;MERCREDI;27;42;45;48;49;7;45;42;27;49;48
2009-06-13;SAMEDI;16;24;28;39;46;4;39;16;46;28;24
2009-06-15;LUNDI;11;21;40;41;49;4;49;11;41;21;40
2009-06-17;MERCREDI;3;8;27;37;41;2;3;27;41;8;37
2009-06-20;SAMEDI;21;26;27;33;49;7;26;27;49;21;33
2009-06-22;LUNDI;17;28;36;41;42;4;36;17;42;28;41
2009-06-24;MERCREDI;4;16;17;21;22;1;17;21;22;16;4
2009-06-27;SAMEDI;3;4;6;13;41;8;13;4;3;41;6
2009-06-29;LUNDI;9;10;28;35;43;8;35;43;9;28;10
2009-07-01;MERCREDI;5;13;28;29;34;4;34;5;28;13;29
2009-07-04;SAMEDI;4;8;27;39;43;3;39;4;8;43;27
2009-07-06;LUNDI;12;31;32;44;45;2;12;31;32;44;45
2009-07-08;MERCREDI;4;5;6;10;16;3;16;4;10;6;5
2009-07-11;SAMEDI;5;14;17;35;42;1;14;17;35;5;42
2009-07-13;LUNDI;2;18;20;26;34;1;26;2;20;34;18
2009-07-15;MERCREDI;1;4;14;23;25;10;4;1;23;14;25
2009-07-18;SAMEDI;9;14;26;34;44;9;44;14;26;34;9
2009-07-20;LUNDI;5;23;27;34;44;1;27;23;44;34;5
2009-07-22;MERCREDI;17;24;28;35;45;6;24;35;45;28;17
2009-07-25;SAMEDI;3;14;27;33;40;9;27;40;3;14;33
2009-07-27;LUNDI;7;13;18;47;48;4;18;47;7;13;48
2009-07-29;MERCREDI;3;14;16;25;35;3;16;25;14;35;3
2009-08-01;SAMEDI;10;18;22;44;45;6;44;10;18;45;22
2009-08-03;LUNDI;9;18;26;38;49;8;9;38;18;26;49
2009-08-05;MERCREDI;10;20;29;40;43;7;40;10;29;20;43
2009-08-08;SAMEDI;2;16;20;38;41;9;41;20;16;38;2
2009-08-10;LUNDI;2;5;22;24;31;6;5;22;31;2;24
2009-08-12;MERCREDI;6;17;33;34;39;5;6;33;17;34;39
2009-08-15;SAMEDI;1;24;27;32;41;9;1;41;32;24;27
2009-08-17;LUNDI;2;9;14;17;25;9;2;9;17;14;25
2009-08-19;MERCREDI;7;28;33;35;42;10;35;42;7;33;28
2009-08-22;SAMEDI;8;21;27;29;31;10;31;21;8;27;29
2009-08-24;LUNDI;11;18;22;28;33;2;22;18;33;28;11
2009-08-26;MERCREDI;7;14;31;38;44;1;44;31;7;38;14
2009-08-29;SAMEDI;7;19;23;27;34;7;34;7;27;23;19
2009-08-31;LUNDI;1;5;13;16;20;2;16;13;1;5;20
2009-09-02;MERCREDI;5;6;12;15;17;1;17;5;12;6;15
2009-09-05;SAMEDI;1;17;20;37;44;8;1;37;17;44;20
2009-09-07;LUNDI;4;8;21;31;39;2;8;21;4;31;39
2009-09-09;MERCREDI;1;7;12;22;23;4;1;12;23;22;7
2009-09-12;SAMEDI;4;7;11;29;41;4;41;11;4;29;7
2009-09-14;LUNDI;9;18;22;32;43;1;9;18;43;32;22
2009-09-16;MERCREDI;7;21;25;30;40;1;40;7;21;25;30
2009-09-19;SAMEDI;12;19;27;33;38;7;12;27;38;33;19
2009-09-21;LUNDI;3;4;7;38;46;2;3;4;38;46;7
2009-09-23;MERCREDI;4;5;24;42;47;6;24;42;4;47;5
2009-09-26;SAMEDI;2;21;25;37;43;9;2;37;43;21;25
2009-09-28;LUNDI;3;16;20;30;44;4;30;20;16;3;44
2009-09-30;MERCREDI;2;5;33;35;40;4;33;35;40;5;2
2009-10-03;SAMEDI;7;9;15;47;49;7;47;15;49;7;9
2009-10-05;LUNDI;11;12;20;21;32;4;21;12;20;11;32
2009-10-07;MERCREDI;1;4;12;21;46;8;4;1;21;12;46
2009-10-10;SAMEDI;1;3;16;23;38;3;3;38;1;23;16
2009-10-12;LUNDI;7;28;38;43;48;5;38;7;48;43;28
2009-10-14;MERCREDI;6;24;35;36;42;2;6;35;36;42;24
2009-10-17;SAMEDI;8;12;16;20;49;5;12;49;8;20;16
2009-10-19;LUNDI;3;4;6;11;31;1;4;31;11;3;6
2009-10-21;MERCREDI;1;10;15;26;49;7;10;49;26;15;1
2009-10-24;SAMEDI;15;27;28;38;39;10;39;28;15;38;27
2009-10-26;LUNDI;1;3;42;47;49;7;49;47;42;1;3
2009-10-28;MERCREDI;7;8;11;30;37;3;8;11;7;37;30
2009-10-31;SAMEDI;23;27;30;36;39;2;23;39;36;27;30
2009-11-02;LUNDI;9;17;23;34;40;9;17;34;23;40;9
2009-11-04;MERCREDI;18;19;22;23;33;1;33;18;19;22;23
2009-11-07;SAMEDI;1;3;13;18;41;1;1;41;13;3;18
2009-11-09;LUNDI;1;2;3;29;48;9;3;2;29;48;1
2009-11-11;MERCREDI;7;17;22;41;47;6;41;47;22;17;7
2009-11-14;SAMEDI;16;24;28;39;47;9;39;16;47;28;24
2009-11-16;LUNDI;19;20;27;32;36;7;20;32;36;19;27
2009-11-18;MERCREDI;1;19;20;22;24;6;24;20;22;19;1
2009-11-21;SAMEDI;12;20;33;40;46;6;20;33;46;40;12
2009-11-23;LUNDI;3;12;13;30;37;8;13;12;3;37;30
2009-11-25;MERCREDI;11;14;15;33;39;6;14;33;39;15;11
2009-11-28;SAMEDI;15;35;37;39;41;4;35;37;41;15;39
2009-11-30;LUNDI;7;12;23;27;43;6;12;43;7;23;27
2009-12-02;MERCREDI;10;20;21;28;47;6;10;47;20;28;21
2009-12-05;SAMEDI;7;16;22;28;39;7;28;22;7;16;39
2009-12-07;LUNDI;19;20;33;42;43;5;20;42;43;33;19
2009-12-09;MERCREDI;1;11;22;23;31;1;1;31;11;22;23
2009-12-12;SAMEDI;4;13;18;30;39;1;4;30;13;18;39
2009-12-14;LUNDI;8;13;26;38;46;2;46;8;26;13;38
2009-12-16;MERCREDI;15;23;30;39;49;5;39;15;23;49;30
2009-12-19;SAMEDI;6;9;15;16;40;6;40;15;16;6;9
2009-12-21;LUNDI;3;27;28;38;42;9;38;42;28;3;27
2009-12-23;MERCREDI;15;17;18;24;44;6;24;44;18;17;15
2009-12-26;SAMEDI;6;7;16;25;41;5;7;6;41;25;16
2009-12-28;LUNDI;12;15;23;27;46;6;23;12;15;27;46
2009-12-30;MERCREDI;2;5;15;21;39;10;21;39;5;2;15
2010-01-02;SAMEDI;5;17;23;43;49;4;43;5;23;49;17
2010-01-04;LUNDI;18;21;32;33;41;9;33;21;41;18;32
2010-01-06;MERCREDI;19;31;38;44;49;3;19;49;31;44;38
2010-01-09;SAMEDI;4;14;23;35;46;7;35;4;14;23;46
2010-01-11;LUNDI;6;20;24;31;36;4;24;20;31;36;6
2010-01-13;MERCREDI;4;7;14;31;37;8;31;4;14;37;7
2010-01-16;SAMEDI;3;21;32;33;38;10;21;38;32;3;33
2010-01-18;LUNDI;7;8;22;28;38;10;8;7;22;28;38
2010-01-20;MERCREDI;13;28;37;45;48;9;13;37;48;45;28
2010-01-23;SAMEDI;2;13;24;39;48;1;24;39;2;13;48
2010-01-25;LUNDI;6;8;31;36;45;9;6;8;31;45;36
2010-01-27;MERCREDI;5;10;15;43;45;9;10;15;43;45;5
2010-01-30;SAMEDI;18;21;26;44;47;3;44;26;18;21;47
2010-02-01;LUNDI;1;18;29;39;40;2;29;1;39;40;18
2010-02-03;MERCREDI;7;13;30;44;48;7;44;48;7;30;13
2010-02-06;SAMEDI;5;16;18;34;37;5;16;37;18;5;34
2010-02-08;LUNDI;7;13;24;36;42;4;36;13;24;7;42
2010-02-10;MERCREDI;6;11;12;19;45;10;6;45;19;12;11
2010-02-13;SAMEDI;1;3;7;14;38;5;1;7;38;3;14
2010-02-15;LUNDI;8;15;24;39;48;8;48;39;24;8;15
2010-02-17;MERCREDI;22;23;26;29;40;5;23;40;26;22;29
2010-02-20;SAMEDI;23;34;36;39;49;8;34;49;36;39;23
2010-02-22;LUNDI;11;18;24;41;48;2;41;48;18;11;24
2010-02-24;MERCREDI;1;2;27;31;45;8;45;2;1;27;31
2010-02-27;SAMEDI;2;10;13;35;40;1;13;40;2;10;35
2010-03-01;LUNDI;8;11;19;48;49;7;19;11;8;48;49
2010-03-03;MERCREDI;2;17;23;25;37;7;17;37;23;25;2
2010-03-06;SAMEDI;5;9;18;26;36;9;5;18;26;9;36
2010-03-08;LUNDI;10;11;23;43;49;10;23;11;43;49;10
2010-03-10;MERCREDI;1;13;36;44;48;2;36;13;44;1;48
2010-03-13;SAMEDI;6;8;16;32;37;7;32;37;16;6;8
2010-03-15;LUNDI;1;4;15;18;38;6;18;15;1;4;38
2010-03-17;MERCREDI;1;9;18;24;46;7;46;1;24;18;9
2010-03-20;SAMEDI;2;15;28;36;49;3;15;36;28;49;2
2010-03-22;LUNDI;25;29;34;44;47;9;44;34;25;47;29
2010-03-24;MERCREDI;8;9;28;35;42;6;28;9;35;8;42
2010-03-27;SAMEDI;9;21;42;43;46;6;43;42;9;21;46
2010-03-29;LUNDI;2;34;41;44;46;2;2;44;41;34;46
2010-03-31;MERCREDI;21;28;39;46;49;1;46;28;21;39;49
2010-04-03;SAMEDI;20;35;39;42;48;2;35;39;20;48;42
2010-04-05;LUNDI;17;18;21;36;47;6;17;18;36;21;47
2010-04-07;MERCREDI;2;11;28;33;43;1;28;11;2;33;43
2010-04-10;SAMEDI;13;22;33;36;49;4;33;13;49;36;22
2010-04-12;LUNDI;4;11;31;36;46;10;4;36;11;31;46
2010-04-14;MERCREDI;2;9;12;21;29;7;9;12;29;2;21
2010-04-17;SAMEDI;9;16;24;32;42;3;24;42;16;9;32
2010-04-19;LUNDI;2;17;22;38;44;8;44;22;17;38;2
2010-04-21;MERCREDI;1;9;24;26;35;4;24;26;35;9;1
2010-04-24;SAMEDI;3;17;27;34;41;4;17;34;27;3;41
2010-04-26;LUNDI;4;7;24;29;46;10;29;24;4;46;7
2010-04-28;MERCREDI;9;25;34;38;49;1;34;49;9;25;38
2010-05-01;SAMEDI;3;6;28;39;42;5;39;28;3;42;6
2010-05-03;LUNDI;8;11;12;26;48;6;8;11;12;26;48
2010-05-05;MERCREDI;4;10;18;27;30;1;10;30;18;27;4
2010-05-08;SAMEDI;1;16;29;31;39;2;16;29;31;39;1
2010-05-10;LUNDI;4;10;33;35;41;5;41;4;35;33;10
2010-05-12;MERCREDI;14;22;23;27;28;4;28;22;27;14;23
2010-05-15;SAMEDI;9;27;31;32;44;8;32;31;44;27;9
2010-05-17;LUNDI;9;26;27;29;36;5;9;27;26;29;36
2010-05-19;MERCREDI;12;17;24;30;38;7;24;12;17;38;30
2010-05-22;SAMEDI;2;17;40;46;48;10;2;48;40;46;17
2010-05-24;LUNDI;3;8;12;29;35;1;8;35;29;12;3
2010-05-26;MERCREDI;3;6;22;35;47;1;47;3;35;22;6
2010-05-29;SAMEDI;21;26;33;46;49;1;33;21;49;26;46
2010-05-31;LUNDI;5;32;33;46;49;1;46;49;32;5;33
2010-06-02;MERCREDI;11;14;17;23;43;10;43;11;14;23;17
2010-06-05;SAMEDI;22;31;37;43;45;5;37;43;31;45;22
2010-06-07;LUNDI;26;28;29;42;48;1;29;48;42;28;26
2010-06-09;MERCREDI;14;20;24;44;48;10;14;48;44;24;20
2010-06-12;SAMEDI;15;24;30;43;48;7;30;43;48;24;15
2010-06-14;LUNDI;15;23;45;48;49;2;15;48;23;49;45
2010-06-16;MERCREDI;3;9;15;40;48;10;40;48;15;9;3
2010-06-19;SAMEDI;19;21;23;36;49;4;21;23;19;36;49
2010-06-21;LUNDI;24;35;37;45;48;2;45;35;24;37;48
2010-06-23;MERCREDI;1;16;27;35;41;1;16;27;41;1;35
2010-06-26;SAMEDI;7;11;16;37;47;10;47;16;11;37;7
2010-06-28;LUNDI;12;19;41;42;49;8;41;49;42;19;12
2010-06-30;MERCREDI;14;17;18;28;44;2;14;44;28;18;17
2010-07-03;SAMEDI;2;10;28;33;46;8;10;46;2;33;28
2010-07-05;LUNDI;22;31;33;39;43;10;39;33;43;22;31
2010-07-07;MERCREDI;20;26;31;47;49;10;20;47;49;26;31
2010-07-10;SAMEDI;12;27;30;32;42;7;27;32;12;42;30
2010-07-12;LUNDI;11;15;24;38;47;6;47;11;15;24;38
2010-07-14;MERCREDI;5;11;26;30;48;1;48;30;5;26;11
2010-07-17;SAMEDI;20;22;28;32;47;6;32;28;47;20;22
2010-07-19;LUNDI;10;16;24;27;47;5;27;24;16;10;47
2010-07-21;MERCREDI;3;9;21;43;45;1;43;45;21;3;9
2010-07-24;SAMEDI;7;16;18;33;43;5;18;43;16;7;33
2010-07-26;LUNDI;4;23;37;42;43;7;4;42;37;23;43
2010-07-28;MERCREDI;7;10;25;37;47;10;25;37;7;10;47
2010-07-31;SAMEDI;2;8;25;28;44;4;2;25;44;28;8
2010-08-02;LUNDI;16;32;37;38;44;3;16;32;44;38;37
2010-08-04;MERCREDI;8;9;22;32;46;8;32;8;46;22;9
2010-08-07;SAMEDI;5;6;27;43;46;7;43;6;46;27;5
2010-08-09;LUNDI;7;8;15;18;25;6;7;15;18;8;25
2010-08-11;MERCREDI;5;7;8;22;26;2;7;22;8;26;5
2010-08-14;SAMEDI;9;11;21;27;49;5;21;27;9;49;11
2010-08-16;LUNDI;13;22;28;31;40;9;13;22;40;28;31
2010-08-18;MERCREDI;23;27;43;46;49;6;49;43;46;27;23
2010-08-21;SAMEDI;8;14;29;44;48;7;8;44;14;48;29
2010-08-23;LUNDI;9;16;28;41;49;5;49;41;9;28;16
2010-08-25;MERCREDI;19;23;36;39;49;3;39;49;23;19;36
2010-08-28;SAMEDI;13;16;18;19;20;2;13;16;18;20;19
2010-08-30;LUNDI;3;16;22;28;49;4;22;49;28;3;16
2010-09-01;MERCREDI;16;20;21;33;39;2;20;39;33;21;16
2010-09-04;SAMEDI;9;11;15;42;49;3;11;42;9;49;15
2010-09-06;LUNDI;17;19;22;29;43;8;29;22;17;19;43
2010-09-08;MERCREDI;13;21;24;44;47;3;24;47;21;44;13
2010-09-11;SAMEDI;7;13;36;41;45;5;36;41;45;13;7
2010-09-13;LUNDI;8;25;33;39;43;8;33;39;25;43;8
2010-09-15;MERCREDI;1;8;30;38;40;6;40;1;30;8;38
2010-09-18;SAMEDI;1;7;11;33;43;1;7;43;33;11;1
2010-09-20;LUNDI;1;17;25;37;45;9;1;37;25;45;17
2010-09-22;MERCREDI;2;14;17;37;38;1;37;38;2;14;17
2010-09-25;SAMEDI;5;12;21;29;42;2;42;5;12;29;21
2010-09-27;LUNDI;1;15;22;23;46;9;15;1;23;22;46
2010-09-29;MERCREDI;25;26;32;33;41;3;41;32;33;25;26
2010-10-02;SAMEDI;7;13;16;35;41;1;35;13;16;41;7
2010-10-04;LUNDI;7;9;29;31;46;8;7;46;31;29;9
2010-10-06;MERCREDI;6;25;33;37;43;1;33;6;43;25;37
2010-10-09;SAMEDI;2;17;23;26;43;3;17;43;23;2;26
2010-10-11;LUNDI;1;4;9;20;35;8;9;20;35;4;1
2010-10-13;MERCREDI;9;22;25;33;44;3;33;22;9;44;25
2010-10-16;SAMEDI;1;13;22;37;46;9;37;22;46;13;1
2010-10-18;LUNDI;1;26;29;31;38;5;1;31;38;26;29
2010-10-20;MERCREDI;11;13;18;24;33;7;13;24;33;18;11
2010-10-23;SAMEDI;9;14;16;47;49;7;47;49;9;16;14
2010-10-25;LUNDI;4;10;36;40;41;10;4;36;40;10;41
2010-10-27;MERCREDI;3;13;15;32;46;5;32;13;15;46;3
2010-10-30;SAMEDI;4;14;22;35;38;5;38;35;4;22;14
2010-11-01;LUNDI;1;15;17;24;28;10;17;24;28;1;15
2010-11-03;MERCREDI;6;15;33;46;49;1;46;33;15;6;49
2010-11-06;SAMEDI;7;19;24;35;42;3;24;19;35;7;42
2010-11-08;LUNDI;6;9;14;35;47;9;35;6;9;14;47
2010-11-10;MERCREDI;16;20;39;47;48;4;47;48;20;39;16
2010-11-13;SAMEDI;5;17;25;29;38;2;5;17;25;38;29
2010-11-15;LUNDI;14;17;20;33;47;1;33;47;14;20;17
2010-11-17;MERCREDI;4;9;30;38;46;10;30;38;4;9;46
2010-11-20;SAMEDI;1;11;12;27;29;2;27;12;11;29;1
2010-11-22;LUNDI;4;17;21;23;26;2;4;21;17;23;26
2010-11-24;MERCREDI;14;20;22;32;47;5;32;20;22;47;14
2010-11-27;SAMEDI;9;10;15;43;44;5;9;43;15;44;10
2010-11-29;LUNDI;15;16;23;30;41;8;15;23;16;41;30
2010-12-01;MERCREDI;14;31;32;34;46;3;34;14;32;31;46
2010-12-04;SAMEDI;7;12;15;24;33;6;33;12;24;7;15
2010-12-06;LUNDI;13;25;30;33;36;9;13;30;33;25;36
2010-12-08;MERCREDI;4;15;19;24;44;1;19;15;44;4;24
2010-12-11;SAMEDI;3;9;11;28;38;1;38;3;9;11;28
2010-12-13;LUNDI;6;9;14;40;49;3;6;14;49;40;9
2010-12-15;MERCREDI;4;6;16;28;37;8;37;6;16;28;4
2010-12-18;SAMEDI;11;22;35;40;41;7;35;41;40;11;22
2010-12-20;LUNDI;6;9;13;23;32;4;32;23;9;6;13
2010-12-22;MERCREDI;1;8;18;29;36;9;8;18;36;1;29
2010-12-25;SAMEDI;7;10;16;29;30;5;16;30;29;7;10
2010-12-27;LUNDI;13;30;39;42;44;9;30;44;42;39;13
2010-12-29;MERCREDI;11;15;29;46;47;3;47;15;46;29;11
2011-01-01;SAMEDI;11;34;43;46;49;3;43;49;46;34;11
2011-01-03;LUNDI;10;18;30;34;37;2;34;37;10;18;30
2011-01-05;MERCREDI;4;5;27;32;47;5;27;47;4;5;32
2011-01-08;SAMEDI;12;30;31;34;47;10;47;34;12;30;31
2011-01-10;LUNDI;11;33;35;37;40;4;35;33;40;37;11
2011-01-12;MERCREDI;17;28;30;40;41;7;41;40;30;28;17
2011-01-15;SAMEDI;6;26;29;36;43;8;26;43;6;36;29
2011-01-17;LUNDI;21;24;36;48;49;5;48;49;36;24;21
2011-01-19;MERCREDI;1;4;12;13;36;4;36;4;12;13;1
2011-01-22;SAMEDI;6;8;13;27;31;7;13;27;6;31;8
2011-01-24;LUNDI;3;6;9;39;48;4;3;39;6;48;9
2011-01-26;MERCREDI;6;17;23;45;48;1;23;45;6;48;17
2011-01-29;SAMEDI;12;14;31;33;44;8;14;33;44;31;12
2011-01-31;LUNDI;3;10;13;20;43;5;20;10;13;43;3
2011-02-02;MERCREDI;6;22;23;27;44;3;27;6;44;23;22
2011-02-05;SAMEDI;1;6;22;31;37;7;31;22;37;6;1
2011-02-07;LUNDI;6;8;25;35;49;1;6;8;49;35;25
2011-02-09;MERCREDI;15;27;31;41;43;7;15;31;41;27;43
2011-02-12;SAMEDI;2;4;13;38;45;2;13;38;2;45;4
2011-02-14;LUNDI;9;31;35;40;48;1;31;35;40;9;48
2011-02-16;MERCREDI;8;32;33;35;44;9;44;35;32;8;33
2011-02-19;SAMEDI;1;2;25;32;49;6;25;2;49;32;1
2011-02-21;LUNDI;9;20;21;36;46;6;36;20;21;9;46
2011-02-23;MERCREDI;2;5;21;28;33;10;5;2;33;21;28
2011-02-26;SAMEDI;10;24;26;35;48;1;35;24;10;26;48
2011-02-28;LUNDI;17;20;31;40;49;6;20;49;40;17;31
2011-03-02;MERCREDI;2;3;20;22;40;7;20;22;40;2;3
2011-03-05;SAMEDI;11;27;31;44;45;2;11;45;44;27;31
2011-03-07;LUNDI;7;9;17;23;38;5;7;38;23;9;17
2011-03-09;MERCREDI;3;9;15;29;43;8;9;43;3;29;15
2011-03-12;SAMEDI;15;16;22;33;34;9;15;34;22;33;16
2011-03-14;LUNDI;27;32;34;36;38;7;32;38;36;34;27
2011-03-16;MERCREDI;7;14;20;23;32;4;23;20;32;7;14
2011-03-19;SAMEDI;1;10;11;23;26;8;26;10;11;23;1
2011-03-21;LUNDI;3;23;28;31;40;1;28;23;3;40;31
2011-03-23;MERCREDI;4;10;13;21;24;5;13;4;24;21;10
2011-03-26;SAMEDI;4;17;26;30;34;9;17;26;34;4;30
2011-03-28;LUNDI;10;15;16;43;46;1;15;10;16;46;43
2011-03-30;MERCREDI;15;23;27;29;43;10;15;23;27;43;29
2011-04-02;SAMEDI;5;7;24;35;46;3;5;24;7;46;35
2011-04-04;LUNDI;10;12;13;23;37;7;12;23;37;13;10
2011-04-06;MERCREDI;1;12;19;32;44;3;12;19;1;32;44
2011-04-09;SAMEDI;6;20;22;31;41;8;6;20;31;22;41
2011-04-11;LUNDI;3;13;22;32;47;6;13;47;22;3;32
2011-04-13;MERCREDI;6;23;33;38;43;1;38;6;33;43;23
2011-04-16;SAMEDI;6;17;24;35;47;8;17;35;24;47;6
2011-04-18;LUNDI;6;7;10;21;22;5;6;10;22;7;21
2011-04-20;MERCREDI;15;17;18;33;41;9;15;41;18;17;33
2011-04-23;SAMEDI;8;21;28;32;40;9;40;21;28;32;8
2011-04-25;LUNDI;2;10;18;21;34;2;18;2;21;34;10
2011-04-27;MERCREDI;5;14;23;26;28;6;5;26;14;28;23
2011-04-30;SAMEDI;2;8;9;42;49;3;8;49;42;9;2
2011-05-02;LUNDI;1;4;23;25;40;2;25;23;4;1;40
2011-05-04;MERCREDI;7;11;13;29;44;2;44;29;11;7;13
2011-05-07;SAMEDI;3;28;37;38;42;8;42;28;37;38;3
2011-05-09;LUNDI;3;13;22;26;48;7;13;48;3;26;22
2011-05-11;MERCREDI;14;26;28;38;45;5;45;14;26;28;38
2011-05-14;SAMEDI;3;31;35;38;42;8;38;31;35;42;3
2011-05-16;LUNDI;9;11;41;43;46;8;41;43;9;11;46
2011-05-18;MERCREDI;16;17;23;27;47;1;27;23;16;17;47
2011-05-21;SAMEDI;5;14;15;27;35;10;27;15;35;5;14
2011-05-23;LUNDI;15;19;29;33;38;3;15;29;38;19;33
2011-05-25;MERCREDI;14;27;34;38;45;3;14;45;34;27;38
2011-05-28;SAMEDI;1;2;3;5;43;9;2;5;3;1;43
2011-05-30;LUNDI;14;20;21;22;47;9;14;22;47;20;21
2011-06-01;MERCREDI;25;26;30;32;45;5;30;45;32;25;26
2011-06-04;SAMEDI;3;4;15;27;35;2;35;4;27;15;3
2011-06-06;LUNDI;10;13;22;30;45;1;10;30;45;22;13
2011-06-08;MERCREDI;11;16;20;24;40;5;20;16;40;11;24
2011-06-11;SAMEDI;5;32;37;39;44;5;39;32;44;37;5
2011-06-13;LUNDI;3;17;18;22;28;6;22;3;18;17;28
2011-06-15;MERCREDI;9;36;37;41;47;8;47;41;9;37;36
2011-06-18;SAMEDI;9;12;33;43;46;10;9;12;43;46;33
2011-06-20;LUNDI;2;8;23;27;36;9;27;2;23;8;36
2011-06-22;MERCREDI;21;22;26;28;33;5;33;21;26;28;22
2011-06-25;SAMEDI;6;10;17;39;43;3;39;43;10;17;6
2011-06-27;LUNDI;5;12;14;20;43;3;43;5;14;20;12
2011-06-29;MERCREDI;1;11;18;37;38;4;38;11;37;1;18
2011-07-02;SAMEDI;1;7;11;26;49;5;49;11;26;1;7
2011-07-04;LUNDI;14;25;31;37;46;4;14;46;31;25;37
2011-07-06;MERCREDI;3;9;10;24;33;6;9;33;10;24;3
2011-07-09;SAMEDI;4;15;31;44;45;6;15;4;31;45;44
2011-07-11;LUNDI;7;23;43;47;48;9;7;43;23;48;47
2011-07-13;MERCREDI;4;12;16;41;46;6;4;46;41;12;16
2011-07-16;SAMEDI;18;27;35;37;42;3;27;35;42;18;37
2011-07-18;LUNDI;5;19;26;38;47;7;19;5;38;47;26
2011-07-20;MERCREDI;6;18;23;26;45;6;26;45;18;23;6
2011-07-23;SAMEDI;13;18;32;43;46;5;43;32;18;13;46
2011-07-25;LUNDI;3;11;22;38;41;7;38;22;3;11;41
2011-07-27;MERCREDI;4;5;6;7;11;10;6;11;7;5;4
2011-07-30;SAMEDI;8;12;20;41;46;1;8;41;20;46;12
2011-08-01;LUNDI;10;25;32;37;43;3;32;37;43;10;25
2011-08-03;MERCREDI;4;5;17;19;20;10;20;4;19;17;5
2011-08-06;SAMEDI;4;13;15;17;39;4;17;13;15;4;39
2011-08-08;LUNDI;1;12;18;26;30;9;18;12;1;26;30
2011-08-10;MERCREDI;4;27;28;29;38;2;28;4;27;29;38
2011-08-13;SAMEDI;3;4;5;13;41;9;3;13;4;41;5
2011-08-15;LUNDI;1;3;4;8;23;8;23;3;8;4;1
2011-08-17;MERCREDI;3;8;29;45;49;9;8;49;29;45;3
2011-08-20;SAMEDI;21;22;31;40;49;4;21;40;49;31;22
2011-08-22;LUNDI;17;36;38;40;44;1;40;36;38;44;17
2011-08-24;MERCREDI;3;4;17;36;47;4;3;36;47;4;17
2011-08-27;SAMEDI;13;19;21;27;45;2;27;21;19;13;45
2011-08-29;LUNDI;3;10;12;30;46;2;46;30;12;3;10
2011-08-31;MERCREDI;5;7;9;39;42;3;7;42;39;9;5
2011-09-03;SAMEDI;7;13;41;42;47;5;42;41;7;13;47
2011-09-05;LUNDI;7;10;17;22;23;5;7;17;22;10;23
2011-09-07;MERCREDI;3;12;13;40;41;7;13;40;41;3;12
2011-09-10;SAMEDI;1;10;15;24;28;5;15;1;28;24;10
2011-09-12;LUNDI;13;18;30;32;45;2;13;45;18;32;30
2011-09-14;MERCREDI;5;11;14;16;42;3;14;42;5;16;11
2011-09-17;SAMEDI;1;2;15;23;40;4;15;40;1;23;2
2011-09-19;LUNDI;1;13;27;35;48;7;13;1;27;48;35
2011-09-21;MERCREDI;16;19;20;40;46;4;40;20;46;19;16
2011-09-24;SAMEDI;4;33;36;40;41;6;36;4;41;33;40
2011-09-26;LUNDI;4;11;33;44;49;9;11;44;33;4;49
2011-09-28;MERCREDI;3;8;16;36;42;3;16;42;36;3;8
2011-10-01;SAMEDI;14;15;25;32;38;3;25;38;14;32;15
2011-10-03;LUNDI;4;12;27;28;40;1;40;28;27;12;4
2011-10-05;MERCREDI;2;7;20;27;42;5;20;2;7;42;27
2011-10-08;SAMEDI;21;22;30;31;44;7;31;44;21;30;22
2011-10-10;LUNDI;3;15;16;45;47;7;15;47;16;45;3
2011-10-12;MERCREDI;9;12;20;25;30;5;12;9;20;30;25
2011-10-15;SAMEDI;5;13;27;37;39;3;13;37;27;5;39
2011-10-17;LUNDI;4;13;14;18;48;10;14;13;18;4;48
2011-10-19;MERCREDI;3;23;35;38;44;8;38;35;23;3;44
2011-10-22;SAMEDI;6;29;32;44;45;7;45;44;32;29;6
2011-10-24;LUNDI;5;15;17;18;31;7;15;18;17;5;31
2011-10-26;MERCREDI;2;3;6;20;35;1;35;6;2;3;20
2011-10-29;SAMEDI;12;17;38;42;46;8;12;17;46;42;38
2011-10-31;LUNDI;13;21;24;37;47;7;24;13;47;37;21
2011-11-02;MERCREDI;2;35;38;42;44;9;2;38;44;35;42
2011-11-05;SAMEDI;2;13;20;32;38;10;38;2;13;32;20
2011-11-07;LUNDI;2;11;18;30;47;5;18;47;11;2;30
2011-11-09;MERCREDI;8;12;17;23;37;2;17;8;23;12;37
2011-11-12;SAMEDI;12;13;33;44;48;7;44;48;13;33;12
2011-11-14;LUNDI;3;18;22;25;43;7;25;43;18;22;3
2011-11-16;MERCREDI;12;17;27;37;41;10;37;41;27;17;12
2011-11-19;SAMEDI;22;33;34;37;45;5;45;37;22;33;34
2011-11-21;LUNDI;18;31;33;46;49;1;46;33;31;49;18
2011-11-23;MERCREDI;6;10;16;21;39;5;39;16;6;10;21
2011-11-26;SAMEDI;3;16;31;39;47;1;47;31;16;3;39
2011-11-28;LUNDI;1;2;11;15;24;9;11;24;1;15;2
2011-11-30;MERCREDI;2;4;29;42;49;2;29;2;42;49;4
2011-12-03;SAMEDI;6;26;31;34;49;1;31;6;49;34;26
2011-12-05;LUNDI;30;36;38;43;47;5;43;47;38;36;30
2011-12-07;MERCREDI;8;31;32;35;48;1;32;35;31;48;8
2011-12-10;SAMEDI;14;26;28;30;43;8;14;43;26;30;28
2011-12-12;LUNDI;1;16;25;29;48;1;48;29;1;25;16
2011-12-14;MERCREDI;14;21;33;42;48;1;42;14;21;33;48
2011-12-17;SAMEDI;9;34;37;38;41;5;41;9;37;38;34
2011-12-19;LUNDI;13;23;26;35;42;5;42;23;13;35;26
2011-12-21;MERCREDI;27;33;37;42;45;2;27;42;33;45;37
2011-12-24;SAMEDI;7;10;11;12;28;8;7;10;28;11;12
2011-12-26;LUNDI;23;28;36;42;43;4;36;43;42;23;28
2011-12-28;MERCREDI;16;31;36;39;41;5;39;41;16;31;36
2011-12-31;SAMEDI;2;17;28;32;35;2;32;35;17;28;2
2012-01-02;LUNDI;3;16;24;30;36;9;3;36;30;16;24
2012-01-04;MERCREDI;2;10;23;34;43;5;10;23;2;43;34
2012-01-07;SAMEDI;1;6;8;10;12;8;1;6;12;10;8
2012-01-09;LUNDI;15;25;26;32;34;4;34;15;26;25;32
2012-01-11;MERCREDI;7;9;23;36;44;7;9;7;44;36;23
2012-01-14;SAMEDI;1;19;29;38;49;8;1;38;19;49;29
2012-01-16;LUNDI;29;36;38;39;47;8;39;36;29;47;38
2012-01-18;MERCREDI;9;13;21;33;42;4;21;9;33;13;42
2012-01-21;SAMEDI;1;17;23;31;36;4;36;23;1;31;17
2012-01-23;LUNDI;20;25;39;44;48;6;39;44;48;20;25
2012-01-25;MERCREDI;2;8;23;30;48;5;2;23;8;30;48
2012-01-28;SAMEDI;12;15;18;23;47;6;23;12;47;15;18
2012-01-30;LUNDI;1;22;32;35;40;8;22;40;1;35;32
2012-02-01;MERCREDI;2;5;16;43;49;7;16;5;49;43;2
2012-02-04;SAMEDI;9;10;17;32;38;3;38;32;10;17;9
2012-02-06;LUNDI;13;15;24;29;49;3;15;49;24;13;29
2012-02-08;MERCREDI;12;15;19;27;37;3;27;19;12;37;15
2012-02-11;SAMEDI;11;12;32;36;46;6;11;12;46;32;36
2012-02-13;LUNDI;9;22;23;24;36;5;23;9;22;24;36
2012-02-15;MERCREDI;10;11;22;31;36;1;11;36;10;22;31
2012-02-18;SAMEDI;5;17;47;48;49;6;49;48;5;17;47
2012-02-20;LUNDI;3;9;31;34;35;5;34;31;9;3;35
2012-02-22;MERCREDI;11;31;33;39;43;10;43;33;39;11;31
2012-02-25;SAMEDI;4;7;8;19;27;1;8;7;19;4;27
2012-02-27;LUNDI;8;23;33;41;45;1;45;41;33;8;23
2012-02-29;MERCREDI;11;14;17;27;35;4;14;27;11;17;35
2012-03-03;SAMEDI;2;3;24;27;39;8;2;24;3;39;27
2012-03-05;LUNDI;17;28;30;31;34;3;31;30;28;34;17
2012-03-07;MERCREDI;6;16;22;31;39;7;6;39;31;22;16
2012-03-10;SAMEDI;2;4;37;40;44;5;2;40;4;44;37
2012-03-12;LUNDI;14;16;25;46;48;10;48;25;16;46;14
2012-03-14;MERCREDI;7;13;31;36;43;9;13;7;31;36;43
2012-03-17;SAMEDI;13;14;23;32;49;1;32;14;49;23;13
2012-03-19;LUNDI;4;10;11;15;28;4;10;28;4;11;15
2012-03-21;MERCREDI;8;14;37;43;48;5;8;14;43;37;48
2012-03-24;SAMEDI;8;11;13;18;48;8;48;8;18;13;11
2012-03-26;LUNDI;13;14;29;36;49;6;36;14;49;29;13
2012-03-28;MERCREDI;4;15;17;20;45;9;15;20;45;17;4
2012-03-31;SAMEDI;1;2;16;25;26;9;16;25;1;26;2
2012-04-02;LUNDI;3;19;23;33;39;2;33;23;3;19;39
2012-04-04;MERCREDI;11;27;36;38;40;8;36;40;27;38;11
2012-04-07;SAMEDI;19;42;45;46;47;8;46;19;45;42;47
2012-04-09;LUNDI;2;14;26;31;33;10;26;14;31;33;2
2012-04-11;MERCREDI;15;19;27;29;49;1;49;27;15;29;19
2012-04-14;SAMEDI;1;3;22;40;45;1;1;22;45;40;3
2012-04-16;LUNDI;1;2;13;16;21;2;2;21;13;1;16
2012-04-18;MERCREDI;3;5;20;24;34;3;34;5;3;20;24
2012-04-21;SAMEDI;3;18;31;41;48;10;41;3;48;31;18
2012-04-23;LUNDI;9;24;33;34;45;6;33;9;34;45;24
2012-04-25;MERCREDI;15;20;29;30;44;7;44;15;20;30;29
2012-04-28;SAMEDI;2;10;22;37;48;4;48;22;10;2;37
2012-04-30;LUNDI;4;18;22;32;39;4;39;22;32;18;4
2012-05-02;MERCREDI;3;26;29;35;38;1;35;26;29;3;38
2012-05-05;SAMEDI;8;10;11;21;37;9;21;10;37;8;11
2012-05-07;LUNDI;12;13;21;26;46;10;21;13;26;46;12
2012-05-09;MERCREDI;18;26;32;36;41;4;36;26;18;41;32
2012-05-12;SAMEDI;6;19;20;22;34;5;6;34;22;20;19
2012-05-14;LUNDI;3;11;22;26;43;6;26;11;3;22;43
2012-05-16;MERCREDI;15;21;22;31;49;1;21;49;22;15;31
2012-05-19;SAMEDI;11;23;24;42;48;2;11;23;48;24;42
2012-05-21;LUNDI;7;19;23;37;45;10;37;45;23;19;7
2012-05-23;MERCREDI;1;3;19;35;49;9;19;1;35;49;3
2012-05-26;SAMEDI;27;29;40;41;47;7;27;47;40;41;29
2012-05-28;LUNDI;15;30;38;41;42;3;30;42;38;15;41
2012-05-30;MERCREDI;5;9;13;17;30;3;9;30;13;17;5
2012-06-02;SAMEDI;9;22;26;34;39;1;26;9;34;39;22
2012-06-04;LUNDI;35;38;40;42;43;4;38;42;35;43;40
2012-06-06;MERCREDI;12;13;21;23;24;6;21;23;12;24;13
2012-06-09;SAMEDI;13;14;18;20;25;6;13;25;14;18;20
2012-06-11;LUNDI;4;6;16;20;29;1;20;6;16;4;29
2012-06-13;MERCREDI;3;8;20;33;48;10;33;48;20;8;3
2012-06-16;SAMEDI;1;14;27;31;39;6;14;31;1;39;27
2012-06-18;LUNDI;5;7;16;37;38;3;37;5;7;16;38
2012-06-20;MERCREDI;15;33;36;41;47;5;36;33;15;41;47
2012-06-23;SAMEDI;6;12;27;41;47;3;41;12;6;47;27
2012-06-25;LUNDI;10;11;13;27;40;7;27;11;40;10;13
2012-06-27;MERCREDI;1;5;11;22;41;7;22;41;5;1;11
2012-06-30;SAMEDI;1;12;13;42;45;4;13;45;1;42;12
2012-07-02;LUNDI;2;6;7;15;46;5;2;15;7;46;6
2012-07-04;MERCREDI;13;17;37;39;40;6;13;40;37;17;39
2012-07-07;SAMEDI;1;5;17;30;44;1;5;30;17;1;44
2012-07-09;LUNDI;15;26;38;41;45;3;15;38;41;45;26
2012-07-11;MERCREDI;20;21;23;30;36;9;23;20;30;21;36
2012-07-14;SAMEDI;5;22;40;41;44;6;22;44;40;5;41
2012-07-16;LUNDI;3;6;19;32;37;2;3;32;6;19;37
2012-07-18;MERCREDI;4;25;26;28;32;5;26;25;4;28;32
2012-07-21;SAMEDI;1;3;22;40;44;3;22;3;1;44;40
2012-07-23;LUNDI;23;28;31;38;40;3;40;31;38;23;28
2012-07-25;MERCREDI;14;16;17;32;36;6;17;16;14;32;36
2012-07-28;SAMEDI;4;6;7;29;39;3;29;4;6;39;7
2012-07-30;LUNDI;4;6;13;35;38;3;35;6;38;4;13
2012-08-01;MERCREDI;11;17;30;33;45;6;33;45;17;30;11
2012-08-04;SAMEDI;25;26;29;34;49;6;29;49;34;26;25
2012-08-06;LUNDI;7;10;12;34;47;7;12;7;10;34;47
2012-08-08;MERCREDI;1;11;32;35;42;4;32;35;42;11;1
2012-08-11;SAMEDI;1;7;10;44;45;9;7;1;10;45;44
2012-08-13;LUNDI;4;12;16;25;49;4;49;25;12;16;4
2012-08-15;MERCREDI;2;13;15;19;24;5;13;24;2;15;19
2012-08-18;SAMEDI;2;12;25;26;42;7;25;26;42;12;2
2012-08-20;LUNDI;11;26;27;33;45;2;45;26;33;27;11
2012-08-22;MERCREDI;13;14;18;22;33;7;14;13;18;33;22
2012-08-25;SAMEDI;2;9;10;13;29;9;9;13;2;29;10
2012-08-27;LUNDI;7;8;18;32;40;5;18;32;40;7;8
2012-08-29;MERCREDI;8;11;20;26;29;9;20;29;26;11;8
2012-09-01;SAMEDI;5;13;22;25;28;10;28;5;22;25;13
2012-09-03;LUNDI;18;22;27;34;37;3;34;27;22;18;37
2012-09-05;MERCREDI;1;8;10;26;37;4;37;8;1;26;10
2012-09-08;SAMEDI;9;15;22;34;43;4;9;22;43;34;15
2012-09-10;LUNDI;3;19;25;28;43;9;19;28;43;3;25
2012-09-12;MERCREDI;1;12;32;38;49;8;32;1;49;12;38
2012-09-15;SAMEDI;15;17;21;37;43;2;17;21;43;37;15
2012-09-17;LUNDI;7;14;16;17;25;7;16;25;14;7;17
2012-09-19;MERCREDI;5;27;34;41;49;7;49;5;34;27;41
2012-09-22;SAMEDI;17;23;25;37;44;9;17;23;37;44;25
2012-09-24;LUNDI;1;18;21;40;41;6;41;18;40;1;21
2012-09-26;MERCREDI;12;29;38;42;46;9;42;29;38;12;46
2012-09-29;SAMEDI;7;10;18;21;47;1;21;18;47;10;7
2012-10-01;LUNDI;2;29;34;40;41;6;34;2;40;29;41
2012-10-03;MERCREDI;16;24;25;26;44;1;16;44;25;26;24
2012-10-06;SAMEDI;1;27;30;39;47;4;27;1;47;30;39
2012-10-08;LUNDI;13;24;27;32;39;2;39;32;24;13;27
2012-10-10;MERCREDI;3;16;19;35;37;3;16;35;37;3;19
2012-10-13;SAMEDI;1;16;35;41;49;4;41;49;1;35;16
2012-10-15;LUNDI;7;11;23;39;44;8;7;23;11;39;44
2012-10-17;MERCREDI;10;13;19;20;32;2;19;10;32;20;13
2012-10-20;SAMEDI;11;14;24;34;41;5;34;14;11;24;41
2012-10-22;LUNDI;14;24;25;28;41;5;28;25;24;14;41
2012-10-24;MERCREDI;5;17;24;30;40;7;30;24;5;40;17
2012-10-27;SAMEDI;2;10;29;41;47;1;29;2;41;47;10
2012-10-29;LUNDI;13;16;19;38;46;7;19;16;46;13;38
2012-10-31;MERCREDI;5;16;23;29;41;1;29;23;41;16;5
2012-11-03;SAMEDI;9;11;15;22;36;8;15;11;9;22;36
2012-11-05;LUNDI;9;14;27;33;37;7;27;14;37;9;33
2012-11-07;MERCREDI;2;16;21;34;40;7;34;16;21;2;40
2012-11-10;SAMEDI;3;17;19;43;46;5;19;46;17;3;43
2012-11-12;LUNDI;6;20;25;45;48;7;25;45;20;6;48
2012-11-14;MERCREDI;21;29;39;40;46;8;29;40;39;46;21
2012-11-17;SAMEDI;6;8;27;33;37;7;8;6;27;37;33
2012-11-19;LUNDI;1;3;6;16;41;1;6;41;16;1;3
2012-11-21;MERCREDI;4;6;10;43;46;10;10;43;6;4;46
2012-11-24;SAMEDI;5;18;19;21;28;2;18;21;19;5;28
2012-11-26;LUNDI;9;15;35;44;48;6;35;15;48;44;9
2012-11-28;MERCREDI;4;11;16;28;34;1;16;34;28;4;11
2012-12-01;SAMEDI;12;19;25;44;45;10;19;25;12;45;44
2012-12-03;LUNDI;6;11;16;25;39;6;39;25;16;6;11
2012-12-05;MERCREDI;24;27;28;36;45;8;28;24;36;45;27
2012-12-08;SAMEDI;22;24;28;45;47;2;22;47;45;24;28
2012-12-10;LUNDI;4;16;20;36;47;8;36;16;4;20;47
2012-12-12;MERCREDI;19;20;32;36;37;4;37;19;32;36;20
2012-12-15;SAMEDI;11;24;26;33;41;9;26;24;11;33;41
2012-12-17;LUNDI;16;27;29;32;39;5;16;27;39;29;32
2012-12-19;MERCREDI;5;10;19;25;49;8;5;10;25;19;49
2012-12-22;SAMEDI;1;2;24;34;47;1;47;1;2;34;24
2012-12-24;LUNDI;5;7;12;32;47;6;5;12;32;7;47
2012-12-26;MERCREDI;2;3;5;17;31;9;3;17;31;5;2
2012-12-29;SAMEDI;7;11;23;37;45;4;45;7;11;37;23
2012-12-31;LUNDI;4;21;36;44;47;3;4;47;21;44;36
2013-01-02;MERCREDI;21;22;31;33;37;4;33;21;37;22;31
2013-01-05;SAMEDI;6;30;45;46;47;6;30;46;47;6;45
2013-01-07;LUNDI;15;31;32;45;48;5;45;31;15;32;48
2013-01-09;MERCREDI;22;26;29;30;33;9;30;33;22;29;26
2013-01-12;SAMEDI;6;13;37;40;48;7;13;48;40;6;37
2013-01-14;LUNDI;7;10;30;35;37;6;35;30;10;37;7
2013-01-16;MERCREDI;6;16;24;27;46;5;27;6;16;24;46
2013-01-19;SAMEDI;9;22;23;42;45;8;22;23;45;42;9
2013-01-21;LUNDI;7;22;32;35;38;6;35;7;32;38;22
2013-01-23;MERCREDI;9;11;19;36;49;6;11;49;36;9;19
2013-01-26;SAMEDI;2;18;23;34;39;6;18;39;2;23;34
2013-01-28;LUNDI;20;28;29;38;40;9;38;29;20;40;28
2013-01-30;MERCREDI;11;31;40;41;48;5;41;31;40;11;48
2013-02-02;SAMEDI;6;7;33;34;45;3;45;33;7;6;34
2013-02-04;LUNDI;6;18;30;33;34;2;34;33;18;6;30
2013-02-06;MERCREDI;3;7;25;33;40;1;40;3;7;33;25
2013-02-09;SAMEDI;2;4;5;23;47;7;23;5;2;47;4
2013-02-11;LUNDI;1;25;36;42;45;7;25;42;1;36;45
2013-02-13;MERCREDI;14;19;39;46;48;2;39;48;19;46;14
2013-02-16;SAMEDI;4;19;26;27;34;6;19;34;26;27;4
2013-02-18;LUNDI;2;5;13;19;41;5;2;13;19;41;5
2013-02-20;MERCREDI;6;7;8;27;42;1;6;8;42;27;7
2013-02-23;SAMEDI;30;36;42;45;47;5;47;36;42;30;45
2013-02-25;LUNDI;14;17;18;43;46;2;43;18;17;14;46
2013-02-27;MERCREDI;6;21;25;34;40;7;25;40;21;34;6
2013-03-02;SAMEDI;5;18;22;30;38;2;18;38;5;22;30
2013-03-04;LUNDI;1;9;30;45;47;10;47;1;45;9;30
2013-03-06;MERCREDI;26;28;36;42;44;4;28;36;42;26;44
2013-03-09;SAMEDI;4;11;22;40;49;5;49;4;40;11;22
2013-03-11;LUNDI;7;8;16;44;49;6;8;16;44;7;49
2013-03-13;MERCREDI;12;13;34;40;41;7;13;12;34;41;40
2013-03-16;SAMEDI;5;16;33;38;46;5;16;5;46;33;38
2013-03-18;LUNDI;10;18;20;24;32;9;10;20;18;24;32
2013-03-20;MERCREDI;1;5;12;37;49;7;37;5;1;49;12
2013-03-23;SAMEDI;9;11;17;24;41;6;17;11;41;9;24
2013-03-25;LUNDI;10;14;25;29;41;4;29;25;14;41;10
2013-03-27;MERCREDI;21;24;33;47;49;3;21;47;24;49;33
2013-03-30;SAMEDI;9;10;26;30;34;2;26;10;9;30;34
2013-04-01;LUNDI;10;16;27;43;47;2;47;16;10;43;27
2013-04-03;MERCREDI;18;36;37;42;45;8;36;18;37;42;45
2013-04-06;SAMEDI;1;15;29;33;42;7;15;29;42;1;33
2013-04-08;LUNDI;6;8;19;37;38;2;19;6;38;8;37
2013-04-10;MERCREDI;3;9;18;28;45;5;9;18;3;45;28
2013-04-13;SAMEDI;22;23;33;41;43;4;23;43;22;41;33
2013-04-15;LUNDI;20;21;26;45;46;3;45;20;21;26;46
2013-04-17;MERCREDI;12;16;29;32;38;8;38;16;32;12;29
2013-04-20;SAMEDI;3;9;24;28;42;9;28;24;3;42;9
2013-04-22;LUNDI;11;14;16;22;37;1;22;16;11;37;14
2013-04-24;MERCREDI;1;5;6;13;48;9;1;48;13;6;5
2013-04-27;SAMEDI;9;17;19;26;39;10;17;26;39;19;9
2013-04-29;LUNDI;11;12;21;27;39;9;12;21;39;11;27
2013-05-01;MERCREDI;4;7;31;32;41;9;7;41;31;32;4
2013-05-04;SAMEDI;6;13;15;40;45;4;6;13;40;45;15
2013-05-06;LUNDI;13;15;23;24;48;7;48;13;15;24;23
2013-05-08;MERCREDI;5;13;15;25;43;10;13;5;43;25;15
2013-05-11;SAMEDI;3;16;26;45;49;9;26;49;45;3;16
2013-05-13;LUNDI;15;23;29;40;49;5;23;29;40;49;15
2013-05-15;MERCREDI;8;11;13;27;32;4;32;27;8;13;11
2013-05-18;SAMEDI;4;5;7;17;20;3;4;5;20;7;17
2013-05-20;LUNDI;9;23;25;27;47;3;47;27;25;23;9
2013-05-22;MERCREDI;2;3;13;17;34;9;3;34;2;17;13
2013-05-25;SAMEDI;7;13;36;40;42;2;42;7;36;13;40
2013-05-27;LUNDI;9;13;15;28;37;2;37;15;9;28;13
2013-05-29;MERCREDI;23;34;41;45;48;7;34;41;48;23;45
2013-06-01;SAMEDI;6;7;8;21;30;3;21;30;8;7;6
2013-06-03;LUNDI;4;14;25;34;38;9;14;4;38;34;25
2013-06-05;MERCREDI;4;23;25;27;41;1;27;41;23;25;4
2013-06-08;SAMEDI;17;19;29;32;33;2;19;33;29;32;17
2013-06-10;LUNDI;3;13;15;32;35;1;13;15;3;35;32
2013-06-12;MERCREDI;3;20;40;44;46;4;20;40;46;3;44
2013-06-15;SAMEDI;4;23;26;32;38;2;32;38;26;4;23
2013-06-17;LUNDI;1;3;17;38;39;1;38;39;3;17;1
2013-06-19;MERCREDI;17;19;22;32;43;1;32;22;17;43;19
2013-06-22;SAMEDI;16;21;26;35;37;8;21;26;37;16;35
2013-06-24;LUNDI;5;10;19;24;29;1;29;5;24;19;10
2013-06-26;MERCREDI;12;16;19;29;39;8;39;16;19;29;12
2013-06-29;SAMEDI;8;9;14;23;37;7;23;37;8;14;9
2013-07-01;LUNDI;5;21;31;37;38;6;5;31;21;37;38
2013-07-03;MERCREDI;2;7;25;36;39;4;36;2;7;25;39
2013-07-06;SAMEDI;12;13;30;35;44;2;13;35;30;44;12
2013-07-08;LUNDI;8;24;25;26;44;5;44;8;24;25;26
2013-07-10;MERCREDI;14;24;31;37;39;7;31;37;24;39;14
2013-07-13;SAMEDI;10;21;28;31;37;8;31;21;37;10;28
2013-07-15;LUNDI;7;33;34;43;44;9;34;7;43;33;44
2013-07-17;MERCREDI;8;16;17;31;48;4;16;8;17;48;31
2013-07-20;SAMEDI;9;17;28;30;48;7;48;28;9;17;30
2013-07-22;LUNDI;7;12;29;32;38;1;12;32;29;7;38
2013-07-24;MERCREDI;19;27;36;37;44;3;27;37;19;36;44
2013-07-27;SAMEDI;10;29;35;37;44;4;35;44;29;37;10
2013-07-29;LUNDI;4;34;35;36;40;5;4;34;40;35;36
2013-07-31;MERCREDI;8;23;28;31;41;7;28;31;23;41;8
2013-08-03;SAMEDI;17;22;27;33;44;9;44;22;33;27;17
2013-08-05;LUNDI;6;11;24;39;43;4;24;39;11;6;43
2013-08-07;MERCREDI;3;16;33;40;45;4;45;33;16;40;3
2013-08-10;SAMEDI;5;15;19;24;41;5;19;5;41;15;24
2013-08-12;LUNDI;4;11;21;28;38;7;4;11;38;28;21
2013-08-14;MERCREDI;5;17;22;30;35;2;30;22;5;35;17
2013-08-17;SAMEDI;26;32;33;41;43;10;43;33;32;26;41
2013-08-19;LUNDI;2;3;25;40;46;9;40;25;2;3;46
2013-08-21;MERCREDI;11;12;26;38;39;10;39;12;38;11;26
2013-08-24;SAMEDI;5;11;29;39;41;7;39;11;5;29;41
2013-08-26;LUNDI;1;9;14;25;49;10;49;1;9;14;25
2013-08-28;MERCREDI;2;23;30;33;40;1;40;23;30;2;33
2013-08-31;SAMEDI;2;3;14;26;33;7;26;3;2;33;14
2013-09-02;LUNDI;8;16;20;41;46;8;46;16;20;41;8
2013-09-04;MERCREDI;6;17;25;42;49;6;49;6;25;17;42
2013-09-07;SAMEDI;1;11;24;25;44;3;25;24;44;11;1
2013-09-09;LUNDI;3;5;22;23;35;7;22;23;35;3;5
2013-09-11;MERCREDI;6;7;13;23;35;2;35;13;7;6;23
2013-09-14;SAMEDI;18;24;28;43;49;7;49;18;28;24;43
2013-09-16;LUNDI;6;15;24;26;38;5;6;15;24;38;26
2013-09-18;MERCREDI;4;26;35;40;45;3;35;26;45;4;40
2013-09-21;SAMEDI;16;17;26;30;41;9;41;30;17;26;16
2013-09-23;LUNDI;1;2;11;21;36;1;2;11;21;1;36
2013-09-25;MERCREDI;2;6;12;43;44;5;6;2;44;43;12
2013-09-28;SAMEDI;1;9;29;34;45;5;34;29;45;1;9
2013-09-30;LUNDI;10;15;26;28;45;9;10;26;45;15;28
2013-10-02;MERCREDI;6;11;17;21;39;7;11;21;39;17;6
2013-10-05;SAMEDI;7;9;14;27;38;9;9;7;14;27;38
2013-10-07;LUNDI;6;15;16;31;46;5;16;31;6;46;15
2013-10-09;MERCREDI;1;12;18;20;26;2;1;26;18;20;12
2013-10-12;SAMEDI;4;17;22;24;32;8;24;32;22;4;17
2013-10-14;LUNDI;15;19;21;33;35;4;21;35;19;15;33
2013-10-16;MERCREDI;9;12;14;23;40;8;9;12;40;23;14
2013-10-19;SAMEDI;8;25;33;44;49;1;33;49;44;8;25
2013-10-21;LUNDI;17;25;32;35;36;7;25;32;35;17;36
2013-10-23;MERCREDI;5;10;11;20;22;3;5;11;20;22;10
2013-10-26;SAMEDI;3;35;40;42;47;7;40;3;35;42;47
2013-10-28;LUNDI;8;14;23;32;44;8;44;32;8;14;23
2013-10-30;MERCREDI;14;21;35;46;48;1;46;48;14;21;35
2013-11-02;SAMEDI;4;7;12;13;18;9;7;12;4;13;18
2013-11-04;LUNDI;8;13;15;18;24;6;13;18;8;24;15
2013-11-06;MERCREDI;6;16;20;30;40;3;20;40;30;16;6
2013-11-09;SAMEDI;9;12;30;33;39;4;39;33;12;30;9
2013-11-11;LUNDI;12;16;32;42;48;9;42;48;32;12;16
2013-11-13;MERCREDI;7;16;36;38;47;6;7;38;16;36;47
2013-11-16;SAMEDI;20;29;33;38;44;8;38;44;20;29;33
2013-11-18;LUNDI;3;28;29;36;46;10;36;46;29;3;28
2013-11-20;MERCREDI;14;18;28;35;46;1;35;28;46;14;18
2013-11-23;SAMEDI;2;4;12;33;48;9;4;2;48;12;33
2013-11-25;LUNDI;4;15;16;27;42;4;27;15;16;4;42
2013-11-27;MERCREDI;11;12;16;34;45;9;16;12;45;34;11
2013-11-30;SAMEDI;2;19;20;36;40;2;19;36;20;40;2
2013-12-02;LUNDI;19;33;34;36;40;5;33;34;19;40;36
2013-12-04;MERCREDI;21;25;27;29;34;3;21;34;27;25;29
2013-12-07;SAMEDI;2;8;14;17;34;7;17;14;2;8;34
2013-12-09;LUNDI;6;20;24;33;45;6;45;33;20;24;6
2013-12-11;MERCREDI;4;27;39;40;43;8;43;4;39;40;27
2013-12-14;SAMEDI;8;18;30;45;46;1;46;45;8;30;18
2013-12-16;LUNDI;1;31;33;36;37;6;36;31;1;37;33
2013-12-18;MERCREDI;8;30;36;38;46;1;36;46;38;8;30
2013-12-21;SAMEDI;10;18;19;24;33;4;24;18;19;33;10
2013-12-23;LUNDI;18;29;34;37;41;5;34;29;41;37;18
2013-12-25;MERCREDI;23;24;28;36;45;3;36;23;45;28;24
2013-12-28;SAMEDI;1;16;20;26;32;7;1;16;20;32;26
2013-12-30;LUNDI;11;20;22;41;44;8;20;22;44;41;11
2014-01-01;MERCREDI;6;26;34;37;39;7;39;37;34;26;6
2014-01-04;SAMEDI;1;6;16;29;45;5;1;29;45;6;16
2014-01-06;LUNDI;13;17;19;29;30;9;30;29;17;13;19
2014-01-08;MERCREDI;4;14;29;42;45;8;4;42;29;45;14
2014-01-11;SAMEDI;8;18;25;35;39;9;35;25;18;8;39
2014-01-13;LUNDI;3;20;29;33;47;4;33;3;47;29;20
2014-01-15;MERCREDI;7;20;30;35;37;6;7;20;35;37;30
2014-01-18;SAMEDI;1;2;37;43;47;8;43;1;37;47;2
2014-01-20;LUNDI;1;10;35;40;42;5;10;1;42;40;35
2014-01-22;MERCREDI;1;22;38;40;42;7;38;42;1;22;40
2014-01-25;SAMEDI;14;17;18;30;37;5;18;37;17;14;30
2014-01-27;LUNDI;1;19;33;46;48;4;46;19;33;1;48
2014-01-29;MERCREDI;2;6;8;25;35;8;35;8;6;25;2
2014-02-01;SAMEDI;2;10;21;41;48;6;21;2;48;41;10
2014-02-03;LUNDI;1;5;13;33;44;2;44;33;5;1;13
2014-02-05;MERCREDI;2;7;16;41;48;8;2;48;16;7;41
2014-02-08;SAMEDI;6;7;14;38;39;7;6;7;39;38;14
2014-02-10;LUNDI;11;17;18;41;45;2;18;11;41;45;17
2014-02-12;MERCREDI;7;10;15;16;48;7;7;16;48;15;10
2014-02-15;SAMEDI;4;12;18;33;49;9;33;4;12;49;18
2014-02-17;LUNDI;1;9;20;23;32;1;20;32;9;23;1
2014-02-19;MERCREDI;25;27;32;44;47;7;44;32;25;47;27
2014-02-22;SAMEDI;1;26;30;32;48;10;30;26;48;32;1
2014-02-24;LUNDI;5;8;18;21;38;7;18;8;5;21;38
2014-02-26;MERCREDI;5;19;22;33;41;1;19;41;5;22;33
2014-03-01;SAMEDI;4;5;15;17;20;5;17;20;15;5;4
2014-03-03;LUNDI;21;28;36;40;41;10;41;40;28;21;36
2014-03-05;MERCREDI;1;12;31;32;42;1;12;1;32;42;31
2014-03-08;SAMEDI;6;15;35;40;46;7;35;40;6;46;15
2014-03-10;LUNDI;4;6;16;30;43;9;43;16;4;6;30
2014-03-12;MERCREDI;1;20;25;36;42;10;42;36;1;20;25
2014-03-15;SAMEDI;5;15;26;30;37;4;5;26;30;15;37
2014-03-17;LUNDI;8;19;22;33;45;6;8;33;22;45;19
2014-03-19;MERCREDI;5;19;26;27;28;9;27;19;5;26;28
2014-03-22;SAMEDI;4;14;20;26;49;2;20;49;14;26;4
2014-03-24;LUNDI;18;21;37;39;41;9;18;41;39;21;37
2014-03-26;MERCREDI;11;21;38;40;47;6;40;47;38;11;21
2014-03-29;SAMEDI;12;19;28;29;45;4;19;12;28;29;45
2014-03-31;LUNDI;2;6;7;28;32;4;28;6;7;32;2
2014-04-02;MERCREDI;6;16;28;34;41;4;6;41;28;16;34
2014-04-05;SAMEDI;9;13;22;40;45;5;40;9;22;13;45
2014-04-07;LUNDI;11;13;23;31;42;4;23;42;11;31;13
2014-04-09;MERCREDI;12;14;28;38;39;10;28;14;39;12;38
2014-04-12;SAMEDI;5;10;16;34;42;10;5;34;42;16;10
2014-04-14;LUNDI;7;11;14;43;45;3;11;7;43;45;14
2014-04-16;MERCREDI;8;12;25;26;49;1;26;25;12;49;8
2014-04-19;SAMEDI;12;21;22;40;45;8;22;40;21;12;45
2014-04-21;LUNDI;9;18;20;27;38;1;27;9;38;18;20
2014-04-23;MERCREDI;3;10;29;30;39;10;3;30;10;29;39
2014-04-26;SAMEDI;2;3;14;38;43;4;2;38;43;14;3
2014-04-28;LUNDI;19;32;36;45;49;7;45;32;19;49;36
2014-04-30;MERCREDI;19;23;32;35;43;10;32;35;19;23;43
2014-05-03;SAMEDI;5;11;16;36;41;5;16;5;41;11;36
2014-05-05;LUNDI;2;16;19;28;37;10;28;16;37;19;2
2014-05-07;MERCREDI;1;6;11;46;47;5;6;46;47;11;1
2014-05-10;SAMEDI;6;15;17;21;37;4;37;6;15;21;17
2014-05-12;LUNDI;2;12;33;36;43;5;43;33;36;12;2
2014-05-14;MERCREDI;5;6;21;25;33;1;6;25;21;5;33
2014-05-17;SAMEDI;32;37;41;43;48;7;48;41;37;32;43
2014-05-19;LUNDI;8;9;40;41;49;3;49;41;8;9;40
2014-05-21;MERCREDI;1;9;23;35;49;1;49;9;35;23;1
2014-05-24;SAMEDI;17;18;24;39;40;1;40;18;39;24;17
2014-05-26;LUNDI;3;8;32;39;40;1;3;8;40;39;32
2014-05-28;MERCREDI;8;9;26;46;48;7;9;26;8;48;46
2014-05-31;SAMEDI;2;14;16;28;40;1;16;2;28;40;14
2014-06-02;LUNDI;22;26;35;41;47;5;41;35;47;26;22
2014-06-04;MERCREDI;3;8;22;36;43;3;43;36;8;22;3
2014-06-07;SAMEDI;5;21;37;38;45;2;5;37;45;38;21
2014-06-09;LUNDI;10;34;35;45;47;9;47;34;45;35;10
2014-06-11;MERCREDI;9;15;22;32;42;6;22;9;42;15;32
2014-06-14;SAMEDI;5;7;18;24;34;5;7;24;18;34;5
2014-06-16;LUNDI;3;5;16;37;42;1;5;37;16;42;3
2014-06-18;MERCREDI;9;13;18;30;47;3;47;13;30;9;18
2014-06-21;SAMEDI;3;11;29;30;32;1;11;3;30;29;32
2014-06-23;LUNDI;4;31;32;38;40;4;40;38;32;4;31
2014-06-25;MERCREDI;4;5;23;30;41;4;5;4;23;30;41
2014-06-28;SAMEDI;13;22;24;40;43;3;40;24;22;13;43
2014-06-30;LUNDI;5;24;27;46;47;2;47;27;5;24;46
2014-07-02;MERCREDI;8;27;36;39;47;3;36;27;8;39;47
2014-07-05;SAMEDI;3;7;11;25;33;6;25;11;7;33;3
2014-07-07;LUNDI;13;14;31;32;41;10;31;41;32;14;13
2014-07-09;MERCREDI;4;6;8;34;36;5;8;6;36;4;34
2014-07-12;SAMEDI;1;13;22;23;29;1;29;23;22;13;1
2014-07-14;LUNDI;21;32;37;38;41;9;21;41;32;38;37
2014-07-16;MERCREDI;3;28;36;42;49;7;42;3;36;28;49
2014-07-19;SAMEDI;8;29;43;44;45;6;8;44;29;43;45
2014-07-21;LUNDI;3;9;10;21;27;4;21;3;9;27;10
2014-07-23;MERCREDI;1;8;15;24;32;6;1;32;8;15;24
2014-07-26;SAMEDI;1;5;22;41;43;4;1;5;43;41;22
2014-07-28;LUNDI;1;14;42;43;45;9;45;14;1;42;43
2014-07-30;MERCREDI;7;8;9;13;25;9;25;7;13;9;8
2014-08-02;SAMEDI;4;8;25;32;41;10;25;32;4;8;41
2014-08-04;LUNDI;16;24;28;36;43;6;16;28;36;24;43
2014-08-06;MERCREDI;13;15;21;34;41;8;13;41;34;21;15
2014-08-09;SAMEDI;4;5;9;21;34;7;34;4;5;9;21
2014-08-11;LUNDI;11;25;32;36;46;7;36;32;11;46;25
2014-08-13;MERCREDI;3;13;18;28;43;5;3;18;13;43;28
2014-08-16;SAMEDI;9;22;23;37;40;4;22;40;23;37;9
2014-08-18;LUNDI;1;19;24;45;46;3;24;45;19;1;46
2014-08-20;MERCREDI;15;22;31;33;41;4;22;33;31;41;15
2014-08-23;SAMEDI;7;17;21;26;29;7;7;17;29;26;21
2014-08-25;LUNDI;9;26;31;43;45;1;26;9;45;31;43
2014-08-27;MERCREDI;4;14;22;32;44;2;4;44;32;22;14
2014-08-30;SAMEDI;6;25;30;36;40;8;25;40;30;36;6
2014-09-01;LUNDI;16;22;38;42;47;1;42;22;47;16;38
2014-09-03;MERCREDI;4;10;13;20;38;4;10;38;20;4;13
2014-09-06;SAMEDI;3;13;14;15;42;7;42;14;15;13;3
2014-09-08;LUNDI;1;17;40;42;43;10;1;40;17;43;42
2014-09-10;MERCREDI;6;16;26;31;40;7;6;16;31;26;40
2014-09-13;SAMEDI;7;23;27;28;33;1;7;28;27;23;33
2014-09-15;LUNDI;2;10;16;35;44;6;16;44;2;10;35
2014-09-17;MERCREDI;3;6;10;18;23;4;23;18;10;6;3
2014-09-20;SAMEDI;22;25;31;34;46;6;34;31;25;46;22
2014-09-22;LUNDI;1;13;26;31;44;6;44;31;26;1;13
2014-09-24;MERCREDI;10;16;25;38;49;9;16;49;10;38;25
2014-09-27;SAMEDI;9;26;29;35;38;5;26;29;9;35;38
2014-09-29;LUNDI;4;17;28;33;41;5;41;28;17;4;33
2014-10-01;MERCREDI;16;17;27;42;44;8;17;42;44;27;16
2014-10-04;SAMEDI;12;14;29;41;45;7;14;45;29;12;41
2014-10-06;LUNDI;9;20;22;40;46;7;20;22;46;40;9
2014-10-08;MERCREDI;4;13;21;23;43;10;13;4;21;43;23
2014-10-11;SAMEDI;10;15;19;24;28;9;24;19;10;28;15
2014-10-13;LUNDI;1;12;15;29;30;1;29;15;1;12;30
2014-10-15;MERCREDI;9;28;37;41;46;10;28;9;37;41;46
2014-10-18;SAMEDI;1;15;24;27;43;7;1;43;24;15;27
2014-10-20;LUNDI;13;21;26;30;40;5;30;40;13;21;26
2014-10-22;MERCREDI;10;19;33;35;47;2;10;19;47;35;33
2014-10-25;SAMEDI;14;24;39;47;49;4;14;39;24;49;47
2014-10-27;LUNDI;12;13;28;32;33;6;13;32;12;28;33
2014-10-29;MERCREDI;6;17;18;29;32;9;32;18;17;6;29
2014-11-01;SAMEDI;2;9;29;36;48;10;48;29;2;36;9
2014-11-03;LUNDI;18;24;34;44;45;8;34;45;18;44;24
2014-11-05;MERCREDI;1;24;27;37;46;1;27;24;37;46;1
2014-11-08;SAMEDI;7;14;27;40;46;5;40;14;46;27;7
2014-11-10;LUNDI;6;18;23;24;30;7;24;23;30;6;18
2014-11-12;MERCREDI;13;19;23;27;40;5;27;13;19;40;23
2014-11-15;SAMEDI;3;16;23;28;39;10;28;16;39;23;3
2014-11-17;LUNDI;16;23;35;47;48;10;23;47;16;48;35
2014-11-19;MERCREDI;13;14;18;29;41;3;41;18;13;14;29
2014-11-22;SAMEDI;1;9;22;26;44;10;22;1;44;9;26
2014-11-24;LUNDI;17;18;32;47;49;3;18;47;49;32;17
2014-11-26;MERCREDI;5;12;20;34;47;3;5;34;47;12;20
2014-11-29;SAMEDI;2;18;44;47;49;2;18;44;2;47;49
2014-12-01;LUNDI;40;43;44;48;49;8;43;49;40;48;44
2014-12-03;MERCREDI;11;26;28;31;49;7;49;26;28;31;11
2014-12-06;SAMEDI;10;18;20;37;43;8;43;37;20;10;18
2014-12-08;LUNDI;10;14;32;43;47;10;10;14;43;32;47
2014-12-10;MERCREDI;3;8;11;16;27;6;27;11;16;3;8
2014-12-13;SAMEDI;10;13;20;38;43;1;43;13;10;20;38
2014-12-15;LUNDI;15;23;41;42;47;4;23;47;41;42;15
2014-12-17;MERCREDI;6;8;13;32;46;10;32;46;6;8;13
2014-12-20;SAMEDI;10;19;21;22;26;9;19;10;26;21;22
2014-12-22;LUNDI;6;16;23;34;35;8;34;35;23;16;6
2014-12-24;MERCREDI;4;18;22;31;36;7;31;36;4;22;18
2014-12-27;SAMEDI;4;20;34;39;48;10;20;48;34;39;4
2014-12-29;LUNDI;26;27;30;44;49;1;30;26;44;27;49
2014-12-31;MERCREDI;34;37;41;43;46;10;46;43;41;37;34
2015-01-03;SAMEDI;12;28;31;32;48;3;31;32;12;28;48
2015-01-05;LUNDI;8;31;37;45;49;7;37;8;49;31;45
2015-01-07;MERCREDI;7;20;21;29;33;1;20;29;21;33;7
2015-01-10;SAMEDI;2;5;18;23;33;4;18;5;33;2;23
2015-01-12;LUNDI;13;15;20;27;34;1;20;15;27;13;34
2015-01-14;MERCREDI;2;7;18;21;23;6;23;18;7;2;21
2015-01-17;SAMEDI;19;30;39;40;43;4;43;19;30;39;40
2015-01-19;LUNDI;4;7;18;25;35;4;25;4;18;7;35
2015-01-21;MERCREDI;6;19;34;42;49;10;19;6;34;49;42
2015-01-24;SAMEDI;5;13;21;36;44;1;36;44;21;13;5
2015-01-26;LUNDI;17;18;27;35;40;6;18;17;27;35;40
2015-01-28;MERCREDI;9;12;16;33;41;1;41;12;33;9;16
2015-01-31;SAMEDI;4;14;25;31;46;5;14;31;46;25;4
2015-02-02;LUNDI;1;11;14;16;17;10;17;16;14;1;11
2015-02-04;MERCREDI;9;24;28;35;49;4;49;9;28;24;35
2015-02-07;SAMEDI;7;19;21;29;37;2;21;29;7;37;19
2015-02-09;LUNDI;4;27;34;40;49;2;40;49;34;27;4
2015-02-11;MERCREDI;13;17;24;40;45;3;13;40;24;17;45
2015-02-14;SAMEDI;2;26;27;38;41;7;27;41;38;26;2
2015-02-16;LUNDI;1;9;14;20;36;2;36;14;9;1;20
2015-02-18;MERCREDI;9;21;25;29;44;7;44;21;29;9;25
2015-02-21;SAMEDI;3;13;27;45;47;4;3;45;47;13;27
2015-02-23;LUNDI;3;4;22;28;40;2;40;3;22;4;28
2015-02-25;MERCREDI;20;29;30;44;47;1;44;47;20;30;29
2015-02-28;SAMEDI;5;14;30;36;46;6;14;46;5;30;36
2015-03-02;LUNDI;11;17;23;27;48;1;17;11;27;48;23
2015-03-04;MERCREDI;8;16;23;32;34;4;32;16;8;23;34
2015-03-07;SAMEDI;3;9;18;43;48;2;48;9;18;43;3
2015-03-09;LUNDI;26;28;31;34;35;5;35;31;26;34;28
2015-03-11;MERCREDI;1;2;35;36;49;4;49;2;35;1;36
2015-03-14;SAMEDI;3;8;14;30;39;10;30;39;3;14;8
2015-03-16;LUNDI;7;11;35;48;49;7;35;11;49;7;48
2015-03-18;MERCREDI;4;10;15;26;30;5;26;15;10;4;30
2015-03-21;SAMEDI;21;22;28;41;47;5;28;47;41;22;21
2015-03-23;LUNDI;1;3;20;48;49;7;48;49;3;1;20
2015-03-25;MERCREDI;9;10;17;20;43;7;43;10;20;9;17
2015-03-28;SAMEDI;19;20;27;39;40;8;20;19;40;39;27
2015-03-30;LUNDI;4;10;13;20;32;1;4;20;13;10;32
2015-04-01;MERCREDI;13;20;21;25;41;4;13;21;25;20;41
2015-04-04;SAMEDI;15;23;28;33;39;1;33;15;23;28;39
2015-04-06;LUNDI;1;16;17;31;33;3;31;16;33;17;1
2015-04-08;MERCREDI;2;15;30;36;38;2;15;36;38;30;2
2015-04-11;SAMEDI;5;17;33;41;45;9;45;41;5;17;33
2015-04-13;LUNDI;9;36;41;43;48;2;41;9;43;48;36
2015-04-15;MERCREDI;6;10;30;39;43;5;43;6;10;30;39
2015-04-18;SAMEDI;1;20;38;44;49;3;44;1;49;38;20
2015-04-20;LUNDI;2;10;15;28;37;2;10;37;28;15;2
2015-04-22;MERCREDI;10;21;25;43;45;5;10;43;21;25;45
2015-04-25;SAMEDI;10;20;27;29;30;6;30;20;29;10;27
2015-04-27;LUNDI;5;15;28;41;43;4;15;28;43;41;5
2015-04-29;MERCREDI;2;20;35;42;49;3;42;20;2;35;49
2015-05-02;SAMEDI;3;19;30;33;46;5;46;33;30;19;3
2015-05-04;LUNDI;8;14;30;48;49;1;14;30;48;8;49
2015-05-06;MERCREDI;7;29;32;34;35;10;35;32;29;7;34
2015-05-09;SAMEDI;4;8;29;40;46;3;4;46;8;29;40
2015-05-11;LUNDI;1;28;31;34;49;4;49;1;34;28;31
2015-05-13;MERCREDI;6;15;22;37;45;5;45;22;37;15;6
2015-05-16;SAMEDI;8;22;23;39;46;3;39;8;22;46;23
2015-05-18;LUNDI;2;10;38;39;41;5;38;41;39;2;10
2015-05-20;MERCREDI;10;12;22;37;41;10;12;10;22;37;41
2015-05-23;SAMEDI;12;19;26;41;45;7;45;41;12;26;19
2015-05-25;LUNDI;15;29;35;44;49;3;44;35;49;15;29
2015-05-27;MERCREDI;8;22;29;32;42;3;22;32;42;8;29
2015-05-30;SAMEDI;6;30;43;45;47;5;43;6;30;47;45
2015-06-01;LUNDI;3;4;12;38;49;2;3;38;4;49;12
2015-06-03;MERCREDI;12;18;25;30;47;2;12;18;30;25;47
2015-06-06;SAMEDI;4;24;29;30;47;3;4;24;29;47;30
2015-06-08;LUNDI;3;8;9;41;44;10;41;3;8;9;44
2015-06-10;MERCREDI;8;12;19;40;46;8;12;46;40;8;19
2015-06-13;SAMEDI;11;15;16;29;46;4;16;11;29;15;46
2015-06-15;LUNDI;16;19;22;35;37;2;35;19;37;22;16
2015-06-17;MERCREDI;26;30;41;44;48;1;44;30;26;48;41
2015-06-20;SAMEDI;3;8;13;32;37;4;32;8;3;13;37
2015-06-22;LUNDI;24;35;37;38;43;2;35;43;37;24;38
2015-06-24;MERCREDI;25;29;38;41;49;2;29;49;38;25;41
2015-06-27;SAMEDI;14;29;40;42;47;4;47;14;42;40;29
2015-06-29;LUNDI;2;12;14;16;42;7;14;16;2;12;42
2015-07-01;MERCREDI;5;18;19;38;49;10;49;5;19;18;38
2015-07-04;SAMEDI;4;29;38;40;49;3;4;49;38;29;40
2015-07-06;LUNDI;12;17;35;36;43;3;17;12;36;35;43
2015-07-08;MERCREDI;5;20;32;39;42;7;5;39;32;42;20
2015-07-11;SAMEDI;4;14;23;26;36;1;14;26;4;23;36
2015-07-13;LUNDI;22;29;31;37;39;8;22;39;31;37;29
2015-07-15;MERCREDI;2;14;30;43;46;8;46;2;30;43;14
2015-07-18;SAMEDI;18;35;37;41;45;3;45;41;37;35;18
2015-07-20;LUNDI;2;17;24;29;31;1;31;17;2;24;29
2015-07-22;MERCREDI;24;30;31;33;36;1;36;30;33;31;24
2015-07-25;SAMEDI;5;7;10;13;43;4;43;7;5;10;13
2015-07-27;LUNDI;6;14;28;37;41;5;14;28;37;41;6
2015-07-29;MERCREDI;2;3;22;36;42;9;22;2;3;42;36
2015-08-01;SAMEDI;9;23;24;31;34;9;9;31;24;34;23
2015-08-03;LUNDI;1;10;39;48;49;1;48;10;49;1;39
2015-08-05;MERCREDI;9;10;22;34;36;4;34;10;22;36;9
2015-08-08;SAMEDI;8;11;12;33;35;9;12;8;11;35;33
2015-08-10;LUNDI;12;14;28;37;44;5;37;44;14;12;28
2015-08-12;MERCREDI;1;8;15;24;43;2;15;43;1;24;8
2015-08-15;SAMEDI;6;13;25;47;49;4;49;13;6;25;47
2015-08-17;LUNDI;9;26;29;36;42;1;29;9;26;36;42
2015-08-19;MERCREDI;6;21;34;38;45;4;21;6;45;34;38
2015-08-22;SAMEDI;4;19;20;29;49;9;19;4;20;29;49
2015-08-24;LUNDI;5;6;17;30;42;1;6;5;17;42;30
2015-08-26;MERCREDI;15;26;37;41;44;8;44;26;41;15;37
2015-08-29;SAMEDI;2;23;38;40;43;8;43;40;2;38;23
2015-08-31;LUNDI;1;12;31;38;41;4;12;41;38;1;31
2015-09-02;MERCREDI;6;9;17;28;29;2;29;6;9;17;28
2015-09-05;SAMEDI;14;24;25;42;45;9;24;45;14;25;42
2015-09-07;LUNDI;5;19;21;29;32;3;5;19;21;32;29
2015-09-09;MERCREDI;3;10;19;41;44;7;3;19;10;44;41
2015-09-12;SAMEDI;1;30;31;38;41;10;41;1;30;38;31
2015-09-14;LUNDI;3;37;43;48;49;2;3;43;48;37;49
2015-09-16;MERCREDI;7;11;17;34;42;6;7;34;42;11;17
2015-09-19;SAMEDI;2;16;25;33;43;9;2;25;43;16;33
2015-09-21;LUNDI;12;27;28;42;47;5;42;47;28;27;12
2015-09-23;MERCREDI;18;20;31;35;49;3;35;49;18;20;31
2015-09-26;SAMEDI;4;13;14;21;24;1;14;13;4;24;21
2015-09-28;LUNDI;23;36;37;39;49;8;23;39;37;36;49
2015-09-30;MERCREDI;15;16;18;26;35;7;16;18;15;35;26
2015-10-03;SAMEDI;8;18;20;27;37;4;27;18;8;37;20
2015-10-05;LUNDI;13;27;28;31;42;6;27;28;13;31;42
2015-10-07;MERCREDI;2;14;27;28;29;9;29;27;2;14;28
2015-10-10;SAMEDI;15;23;30;41;45;7;41;23;15;30;45
2015-10-12;LUNDI;1;3;4;16;49;4;1;16;49;3;4
2015-10-14;MERCREDI;6;20;33;35;38;2;38;20;33;6;35
2015-10-17;SAMEDI;9;14;22;33;46;8;22;33;14;46;9
2015-10-19;LUNDI;31;33;36;47;48;7;36;33;31;48;47
2015-10-21;MERCREDI;22;25;26;31;35;6;25;35;22;26;31
2015-10-24;SAMEDI;7;11;12;29;39;2;7;12;39;29;11
2015-10-26;LUNDI;4;17;19;23;49;3;17;19;23;4;49
2015-10-28;MERCREDI;2;5;17;30;49;2;49;2;17;30;5
2015-10-31;SAMEDI;33;34;36;43;48;10;33;36;48;43;34
2015-11-02;LUNDI;7;8;21;32;48;4;21;32;8;48;7
2015-11-04;MERCREDI;8;11;15;21;32;6;32;11;8;21;15
2015-11-07;SAMEDI;4;7;23;28;32;1;7;32;4;23;28
2015-11-09;LUNDI;8;25;32;37;39;10;25;32;8;37;39
2015-11-11;MERCREDI;1;6;13;15;17;2;17;1;6;13;15
2015-11-14;SAMEDI;10;29;34;37;47;10;34;29;47;10;37
2015-11-16;LUNDI;12;28;40;42;47;1;28;47;40;12;42
2015-11-18;MERCREDI;1;5;23;25;47;1;25;23;5;1;47
2015-11-21;SAMEDI;12;16;18;24;43;10;43;24;12;18;16
2015-11-23;LUNDI;12;14;20;37;47;6;47;12;14;37;20
2015-11-25;MERCREDI;7;18;22;24;41;3;24;18;22;41;7
2015-11-28;SAMEDI;12;19;30;37;46;9;30;19;37;12;46
2015-11-30;LUNDI;5;19;27;35;40;9;27;19;5;35;40
2015-12-02;MERCREDI;3;9;10;39;45;7;39;9;3;45;10
2015-12-05;SAMEDI;9;20;26;27;47;7;9;26;47;20;27
2015-12-07;LUNDI;14;22;28;37;42;10;22;28;42;37;14
2015-12-09;MERCREDI;6;10;12;34;49;7;6;34;12;49;10
2015-12-12;SAMEDI;2;13;15;34;40;8;13;40;2;34;15
2015-12-14;LUNDI;7;11;20;31;49;7;31;49;7;20;11
2015-12-16;MERCREDI;22;24;35;41;46;10;46;41;24;35;22
2015-12-19;SAMEDI;4;25;38;39;42;7;4;25;42;39;38
2015-12-21;LUNDI;7;11;19;33;41;3;11;19;33;41;7
2015-12-23;MERCREDI;13;17;28;42;46;2;13;17;28;46;42
2015-12-26;SAMEDI;15;20;21;38;43;1;15;21;20;38;43
2015-12-28;LUNDI;7;10;12;20;45;7;10;12;7;20;45
2015-12-30;MERCREDI;1;2;16;25;34;5;16;2;34;25;1
2016-01-02;SAMEDI;10;19;37;44;46;10;19;44;37;46;10
2016-01-04;LUNDI;15;23;34;40;43;3;34;43;23;15;40
2016-01-06;MERCREDI;2;5;14;22;49;4;49;22;14;5;2
2016-01-09;SAMEDI;4;22;39;45;49;6;22;39;4;49;45
2016-01-11;LUNDI;14;19;29;41;43;9;41;29;19;43;14
2016-01-13;MERCREDI;3;11;30;33;35;2;30;11;35;33;3
2016-01-16;SAMEDI;13;17;26;27;45;6;17;45;26;27;13
2016-01-18;LUNDI;1;2;3;5;10;4;2;5;3;10;1
2016-01-20;MERCREDI;9;21;31;34;42;8;34;21;9;42;31
2016-01-23;SAMEDI;3;15;33;41;42;3;42;3;15;41;33
2016-01-25;LUNDI;4;10;12;38;41;3;12;4;38;10;41
2016-01-27;MERCREDI;31;32;37;44;48;9;31;44;48;37;32
2016-01-30;SAMEDI;1;3;11;31;49;1;1;3;31;11;49
2016-02-01;LUNDI;13;18;36;40;48;4;18;36;13;40;48
2016-02-03;MERCREDI;5;24;25;28;44;3;5;44;24;28;25
2016-02-06;SAMEDI;2;25;28;41;44;9;44;25;2;41;28
2016-02-08;LUNDI;1;11;28;30;39;6;30;1;28;39;11
2016-02-10;MERCREDI;1;27;44;46;48;10;44;46;1;27;48
2016-02-13;SAMEDI;10;27;30;38;41;4;38;30;27;41;10
2016-02-15;LUNDI;4;10;21;37;38;5;37;21;38;4;10
2016-02-17;MERCREDI;2;17;29;34;40;10;29;17;40;34;2
2016-02-20;SAMEDI;9;20;33;34;41;8;9;33;34;41;20
2016-02-22;LUNDI;2;5;23;26;48;5;23;2;5;48;26
2016-02-24;MERCREDI;1;18;20;44;49;7;20;18;44;1;49
2016-02-27;SAMEDI;10;11;13;28;47;6;11;47;13;10;28
2016-02-29;LUNDI;1;3;13;24;45;1;13;3;1;24;45
2016-03-02;MERCREDI;20;34;40;44;48;2;40;48;44;20;34
2016-03-05;SAMEDI;5;14;23;34;49;6;34;5;14;49;23
2016-03-07;LUNDI;6;11;12;41;49;1;11;6;49;41;12
2016-03-09;MERCREDI;19;20;22;40;41;2;40;22;20;19;41
2016-03-12;SAMEDI;9;17;25;27;46;6;27;17;9;25;46
2016-03-14;LUNDI;14;19;27;36;39;8;19;39;27;14;36
2016-03-16;MERCREDI;7;9;11;18;43;10;43;18;11;7;9
2016-03-19;SAMEDI;4;13;18;36;49;5;49;13;4;36;18
2016-03-21;LUNDI;3;10;34;37;42;2;3;34;42;37;10
2016-03-23;MERCREDI;5;8;14;17;19;9;14;19;17;8;5
2016-03-26;SAMEDI;1;3;14;17;20;1;14;3;20;17;1
2016-03-28;LUNDI;2;4;15;26;28;2;26;2;28;4;15
2016-03-30;MERCREDI;20;23;35;43;46;6;43;20;46;35;23
2016-04-02;SAMEDI;18;19;22;29;34;1;29;34;18;22;19
2016-04-04;LUNDI;7;8;11;36;48;3;36;7;48;11;8
2016-04-06;MERCREDI;19;21;24;28;44;5;21;19;28;24;44
2016-04-09;SAMEDI;14;16;39;42;49;6;42;49;39;14;16
2016-04-11;LUNDI;4;25;26;29;34;2;34;29;4;26;25
2016-04-13;MERCREDI;2;4;31;34;49;4;31;49;34;2;4
2016-04-16;SAMEDI;25;33;36;39;40;9;33;25;36;39;40
2016-04-18;LUNDI;24;26;29;38;47;7;47;29;24;38;26
2016-04-20;MERCREDI;12;13;15;36;41;9;12;15;36;41;13
2016-04-23;SAMEDI;2;15;17;22;26;7;26;15;22;2;17
2016-04-25;LUNDI;13;18;19;22;39;6;39;19;13;18;22
2016-04-27;MERCREDI;9;25;36;44;45;10;9;36;25;45;44
2016-04-30;SAMEDI;2;29;30;36;49;7;49;29;2;30;36
2016-05-02;LUNDI;26;36;43;47;48;6;47;36;43;48;26
2016-05-04;MERCREDI;7;8;15;24;42;9;15;7;42;8;24
2016-05-07;SAMEDI;14;20;33;35;42;4;35;33;42;20;14
2016-05-09;LUNDI;4;11;14;24;29;1;24;29;4;11;14
2016-05-11;MERCREDI;15;19;29;31;44;10;31;44;29;19;15
2016-05-14;SAMEDI;1;27;28;30;42;5;42;28;30;1;27
2016-05-16;LUNDI;6;16;31;36;38;1;36;38;31;6;16
2016-05-18;MERCREDI;1;22;38;40;49;9;22;1;40;38;49
2016-05-21;SAMEDI;12;23;26;41;48;4;41;26;23;12;48
2016-05-23;LUNDI;7;22;26;41;48;2;41;48;22;26;7
2016-05-25;MERCREDI;4;12;20;21;36;3;20;12;36;21;4
2016-05-28;SAMEDI;1;3;13;14;19;6;19;3;1;14;13
2016-05-30;LUNDI;6;7;13;38;40;3;6;38;7;13;40
2016-06-01;MERCREDI;22;26;27;35;44;10;27;35;26;44;22
2016-06-04;SAMEDI;2;16;19;25;39;1;39;2;16;19;25
2016-06-06;LUNDI;23;25;32;47;48;5;23;32;48;47;25
2016-06-08;MERCREDI;6;8;33;45;49;9;45;6;8;49;33
2016-06-11;SAMEDI;7;17;22;44;46;6;7;17;22;46;44
2016-06-13;LUNDI;5;8;21;28;36;8;28;36;5;21;8
2016-06-15;MERCREDI;2;5;8;33;34;10;34;2;8;5;33
2016-06-18;SAMEDI;10;18;20;33;39;3;18;33;10;20;39
2016-06-20;LUNDI;4;13;38;43;45;10;38;4;45;13;43
2016-06-22;MERCREDI;4;5;10;27;36;9;4;27;10;36;5
2016-06-25;SAMEDI;16;19;20;35;49;3;16;20;19;35;49
2016-06-27;LUNDI;8;22;23;24;41;7;22;23;8;41;24
2016-06-29;MERCREDI;9;14;17;22;48;10;17;22;9;14;48
2016-07-02;SAMEDI;8;16;17;24;31;5;8;24;31;17;16
2016-07-04;LUNDI;10;12;22;25;47;1;12;10;25;22;47
2016-07-06;MERCREDI;13;16;26;38;47;8;26;38;47;13;16
2016-07-09;SAMEDI;3;6;15;39;46;10;46;15;6;39;3
2016-07-11;LUNDI;2;25;27;35;36;4;36;35;2;25;27
2016-07-13;MERCREDI;7;28;30;34;47;10;30;28;47;34;7
2016-07-16;SAMEDI;11;21;45;46;48;4;45;21;46;48;11
2016-07-18;LUNDI;2;20;25;29;39;7;29;25;2;39;20
2016-07-20;MERCREDI;1;13;29;32;46;1;32;1;13;29;46
2016-07-23;SAMEDI;2;15;21;27;33;10;2;27;33;21;15
2016-07-25;LUNDI;1;3;5;29;46;4;3;29;46;5;1
2016-07-27;MERCREDI;7;8;19;34;44;6;34;7;44;19;8
2016-07-30;SAMEDI;9;22;23;30;46;9;30;9;22;46;23
2016-08-01;LUNDI;24;29;36;42;45;7;45;29;36;42;24
2016-08-03;MERCREDI;18;24;27;39;44;3;18;27;39;44;24
2016-08-06;SAMEDI;7;12;25;31;44;10;44;12;7;25;31
2016-08-08;LUNDI;1;2;3;26;36;7;1;26;2;36;3
2016-08-10;MERCREDI;7;17;19;30;49;3;49;30;19;17;7
2016-08-13;SAMEDI;1;6;9;33;46;6;33;1;9;6;46
2016-08-15;LUNDI;16;25;26;27;31;7;16;31;25;27;26
2016-08-17;MERCREDI;12;21;24;35;40;4;12;21;35;24;40
2016-08-20;SAMEDI;10;15;28;35;43;9;35;10;28;43;15
2016-08-22;LUNDI;12;21;34;42;44;7;21;44;42;12;34
2016-08-24;MERCREDI;3;4;34;41;42;2;3;4;34;41;42
2016-08-27;SAMEDI;2;21;23;31;45;8;45;21;2;31;23
2016-08-29;LUNDI;25;36;44;48;49;2;44;36;49;25;48
2016-08-31;MERCREDI;10;12;19;26;47;1;12;26;19;47;10
2016-09-03;SAMEDI;24;36;45;47;49;5;36;24;45;49;47
2016-09-05;LUNDI;7;30;42;43;48;4;43;48;7;42;30
2016-09-07;MERCREDI;13;26;34;38;42;9;26;34;38;13;42
2016-09-10;SAMEDI;19;29;31;38;46;6;46;38;29;31;19
2016-09-12;LUNDI;5;6;11;13;22;10;6;5;11;13;22
2016-09-14;MERCREDI;7;18;29;37;47;7;29;18;37;7;47
2016-09-17;SAMEDI;3;4;12;25;34;2;12;3;4;34;25
2016-09-19;LUNDI;18;20;37;41;45;10;41;37;20;18;45
2016-09-21;MERCREDI;13;15;20;30;40;10;30;15;40;13;20
2016-09-24;SAMEDI;31;32;33;41;43;10;33;32;31;41;43
2016-09-26;LUNDI;4;19;23;26;27;7;4;23;26;19;27
2016-09-28;MERCREDI;29;42;44;45;46;3;44;46;29;42;45
2016-10-01;SAMEDI;8;13;16;23;42;1;13;42;8;16;23
2016-10-03;LUNDI;7;8;22;43;46;10;46;43;7;22;8
2016-10-05;MERCREDI;2;15;18;28;43;3;18;28;15;2;43
2016-10-08;SAMEDI;5;26;28;35;46;9;5;26;28;46;35
2016-10-10;LUNDI;3;9;18;19;48;2;18;19;3;48;9
2016-10-12;MERCREDI;2;19;23;34;47;2;2;19;34;47;23
2016-10-15;SAMEDI;30;32;39;41;47;7;47;30;41;32;39
2016-10-17;LUNDI;8;22;31;39;48;4;8;31;48;39;22
2016-10-19;MERCREDI;26;28;29;32;38;1;32;28;29;26;38
2016-10-22;SAMEDI;3;29;35;41;43;8;29;41;3;43;35
2016-10-24;LUNDI;17;18;23;29;36;7;18;29;36;17;23
2016-10-26;MERCREDI;1;20;35;40;46;10;1;46;20;40;35
2016-10-29;SAMEDI;14;21;26;36;44;4;21;36;44;26;14
2016-10-31;LUNDI;11;16;29;35;41;4;11;35;16;29;41
2016-11-02;MERCREDI;1;7;14;26;49;10;26;1;49;7;14
2016-11-05;SAMEDI;6;16;21;34;42;5;16;42;21;6;34
2016-11-07;LUNDI;1;6;21;31;46;6;1;46;21;6;31
2016-11-09;MERCREDI;3;8;14;22;47;5;3;22;47;14;8
2016-11-12;SAMEDI;2;11;16;19;29;8;29;11;19;16;2
2016-11-14;LUNDI;6;14;16;26;41;2;41;6;14;16;26
2016-11-16;MERCREDI;1;24;26;37;48;7;37;48;1;26;24
2016-11-19;SAMEDI;34;36;41;46;48;7;34;48;41;46;36
2016-11-21;LUNDI;3;7;12;18;45;8;7;18;12;45;3
2016-11-23;MERCREDI;2;7;12;25;47;7;47;7;25;2;12
2016-11-26;SAMEDI;6;9;11;21;44;7;9;21;44;6;11
2016-11-28;LUNDI;10;20;38;41;45;6;41;45;20;10;38
2016-11-30;MERCREDI;3;9;31;33;40;5;9;33;31;3;40
2016-12-03;SAMEDI;4;11;13;38;44;7;11;13;38;4;44
2016-12-05;LUNDI;6;23;26;29;30;4;29;30;23;6;26
2016-12-07;MERCREDI;2;5;7;44;45;3;5;44;7;2;45
2016-12-10;SAMEDI;24;27;28;41;43;9;41;43;27;24;28
2016-12-12;LUNDI;6;11;12;14;36;6;12;14;11;6;36
2016-12-14;MERCREDI;9;10;14;44;46;7;10;9;44;14;46
2016-12-17;SAMEDI;2;5;13;16;32;5;13;5;16;32;2
2016-12-19;LUNDI;3;17;26;40;41;7;17;40;41;26;3
2016-12-21;MERCREDI;17;22;25;39;42;6;25;42;17;39;22
2016-12-24;SAMEDI;7;20;22;35;48;1;22;48;7;20;35
2016-12-26;LUNDI;3;16;27;29;37;6;3;16;27;29;37
2016-12-28;MERCREDI;15;16;34;35;39;4;34;35;16;39;15
2016-12-31;SAMEDI;4;33;43;45;49;8;45;49;43;33;4
2017-01-02;LUNDI;11;19;31;38;40;5;31;38;11;19;40
2017-01-04;MERCREDI;16;17;26;36;38;7;17;36;16;26;38
2017-01-07;SAMEDI;21;22;24;33;46;8;33;46;24;21;22
2017-01-09;LUNDI;2;6;16;21;42;7;21;16;6;42;2
2017-01-11;MERCREDI;13;19;22;28;30;3;30;13;28;22;19
2017-01-14;SAMEDI;16;18;19;37;44;1;19;18;44;37;16
2017-01-16;LUNDI;14;26;32;35;37;5;35;32;14;37;26
2017-01-18;MERCREDI;5;29;34;47;48;4;48;29;34;5;47
2017-01-21;SAMEDI;8;31;32;36;40;6;40;36;32;8;31
2017-01-23;LUNDI;5;15;17;31;49;9;15;5;17;49;31
2017-01-25;MERCREDI;4;10;19;20;28;2;10;19;20;28;4
2017-01-28;SAMEDI;2;5;6;10;26;5;6;5;10;2;26
2017-01-30;LUNDI;4;22;23;32;40;4;4;22;40;23;32
2017-02-01;MERCREDI;9;17;24;45;46;7;45;24;17;46;9
2017-02-04;SAMEDI;1;22;32;35;37;7;32;22;1;35;37
2017-02-06;LUNDI;19;30;31;33;40;2;19;31;33;40;30
2017-02-08;MERCREDI;17;19;33;37;40;6;17;33;37;40;19
2017-02-11;SAMEDI;1;15;17;29;37;3;37;17;29;15;1
2017-02-13;LUNDI;5;16;18;39;44;3;5;16;39;44;18
2017-02-15;MERCREDI;8;14;16;21;24;10;8;16;21;14;24
2017-02-18;SAMEDI;1;3;23;32;49;4;32;23;49;1;3
2017-02-20;LUNDI;15;20;29;41;43;10;20;29;43;41;15
2017-02-22;MERCREDI;17;22;25;35;43;10;17;25;22;35;43
2017-02-25;SAMEDI;11;32;40;43;48;2;40;32;43;11;48
2017-02-27;LUNDI;3;16;17;37;47;5;3;37;16;17;47
2017-03-01;MERCREDI;16;20;31;33;46;5;33;31;16;46;20
2017-03-04;SAMEDI;4;14;28;32;37;4;28;14;37;32;4
2017-03-06;LUNDI;3;6;10;26;41;9;26;10;6;41;3
2017-03-08;MERCREDI;16;40;42;46;47;2;40;16;46;42;47
2017-03-11;SAMEDI;1;13;31;39;42;7;1;39;31;13;42
2017-03-13;LUNDI;16;21;24;34;48;3;16;21;34;48;24
2017-03-15;MERCREDI;5;25;31;36;46;8;25;5;46;36;31
2017-03-18;SAMEDI;1;6;18;30;33;2;33;18;1;30;6
2017-03-20;LUNDI;13;28;39;40;42;1;42;39;28;13;40
2017-03-22;MERCREDI;2;11;25;28;43;5;43;25;28;2;11
2017-03-25;SAMEDI;2;5;8;43;49;1;2;5;8;43;49
2017-03-27;LUNDI;2;9;18;38;49;8;2;49;9;38;18
2017-03-29;MERCREDI;10;14;25;26;35;5;35;14;10;26;25
2017-04-01;SAMEDI;2;9;25;44;46;9;46;2;44;9;25
2017-04-03;LUNDI;3;9;16;34;44;3;34;16;44;3;9
2017-04-05;MERCREDI;6;10;20;40;42;10;10;40;42;20;6
2017-04-08;SAMEDI;17;18;29;44;45;5;17;44;18;45;29
2017-04-10;LUNDI;1;3;11;14;20;2;11;3;20;14;1
2017-04-12;MERCREDI;3;18;28;40;48;7;48;18;3;28;40
2017-04-15;SAMEDI;28;29;40;41;49;5;28;29;41;40;49
2017-04-17;LUNDI;4;8;33;36;46;7;8;36;46;4;33
2017-04-19;MERCREDI;38;39;41;47;48;9;47;39;38;41;48
2017-04-22;SAMEDI;1;17;21;31;46;5;17;21;31;1;46
2017-04-24;LUNDI;7;28;41;42;45;9;7;42;28;45;41
2017-04-26;MERCREDI;6;8;14;16;27;5;27;6;8;14;16
2017-04-29;SAMEDI;34;37;44;46;48;9;48;37;46;44;34
2017-05-01;LUNDI;16;18;35;37;46;6;18;46;37;16;35
2017-05-03;MERCREDI;6;15;20;27;46;3;20;15;27;46;6
2017-05-06;SAMEDI;6;27;34;41;45;5;27;41;34;6;45
2017-05-08;LUNDI;7;22;33;43;47;6;33;7;47;22;43
2017-05-10;MERCREDI;12;20;22;30;43;9;30;22;20;43;12
2017-05-13;SAMEDI;9;13;16;28;47;10;16;13;9;28;47
2017-05-15;LUNDI;1;5;13;22;27;1;22;13;1;27;5
2017-05-17;MERCREDI;6;22;25;30;44;7;25;44;6;30;22
2017-05-20;SAMEDI;28;31;33;34;42;3;33;31;28;34;42
2017-05-22;LUNDI;7;21;22;27;31;10;27;21;22;7;31
2017-05-24;MERCREDI;8;17;18;22;30;5;17;22;18;8;30
2017-05-27;SAMEDI;8;9;17;28;40;8;9;8;28;40;17
2017-05-29;LUNDI;1;39;40;41;43;9;40;43;39;41;1
2017-05-31;MERCREDI;1;9;27;36;41;1;1;36;9;41;27
2017-06-03;SAMEDI;23;34;36;44;45;3;23;45;36;34;44
2017-06-05;LUNDI;12;17;21;41;49;7;49;12;17;41;21
2017-06-07;MERCREDI;21;22;36;40;43;5;22;43;36;40;21
2017-06-10;SAMEDI;8;34;36;37;49;10;49;34;37;36;8
2017-06-12;LUNDI;4;5;7;27;29;5;5;29;4;7;27
2017-06-14;MERCREDI;31;41;43;44;49;5;44;43;49;41;31
2017-06-17;SAMEDI;14;25;26;39;40;3;26;25;40;14;39
2017-06-19;LUNDI;18;25;40;43;47;9;25;43;18;47;40
2017-06-21;MERCREDI;12;18;22;34;39;6;12;22;34;18;39
2017-06-24;SAMEDI;23;24;27;35;48;5;48;27;23;35;24
2017-06-26;LUNDI;1;5;29;38;49;9;1;49;5;29;38
2017-06-28;MERCREDI;9;29;30;37;48;1;48;30;37;29;9
2017-07-01;SAMEDI;16;21;26;33;47;8;26;47;16;33;21
2017-07-03;LUNDI;2;8;10;28;48;2;48;8;10;28;2
2017-07-05;MERCREDI;8;17;18;29;34;6;18;29;17;34;8
2017-07-08;SAMEDI;9;30;31;43;46;10;9;30;46;43;31
2017-07-10;LUNDI;17;18;21;23;43;4;23;43;17;21;18
2017-07-12;MERCREDI;3;16;18;31;43;5;3;16;31;43;18
2017-07-15;SAMEDI;24;29;34;37;48;2;34;37;24;48;29
2017-07-17;LUNDI;5;16;33;40;41;2;40;41;5;33;16
2017-07-19;MERCREDI;6;8;9;16;26;7;16;26;6;8;9
2017-07-22;SAMEDI;5;16;28;30;40;9;40;30;16;5;28
2017-07-24;LUNDI;11;14;21;35;38;3;14;11;38;21;35
2017-07-26;MERCREDI;3;13;25;35;44;2;13;44;35;3;25
2017-07-29;SAMEDI;10;23;24;41;45;1;24;41;45;23;10
2017-07-31;LUNDI;25;31;37;45;47;7;45;37;47;25;31
2017-08-02;MERCREDI;9;12;30;32;34;7;34;30;9;12;32
2017-08-05;SAMEDI;3;13;25;30;37;2;3;25;30;13;37
2017-08-07;LUNDI;14;21;24;38;42;4;38;24;42;21;14
2017-08-09;MERCREDI;31;32;36;38;49;1;32;38;36;31;49
2017-08-12;SAMEDI;5;13;15;36;41;10;13;36;41;15;5
2017-08-14;LUNDI;2;9;13;15;39;4;13;15;39;2;9
2017-08-16;MERCREDI;19;25;29;31;41;4;31;29;25;19;41
2017-08-19;SAMEDI;7;8;21;39;40;7;39;8;40;21;7
2017-08-21;LUNDI;8;14;27;36;43;5;8;36;43;27;14
2017-08-23;MERCREDI;1;4;16;23;32;7;32;23;16;1;4
2017-08-26;SAMEDI;10;32;35;38;40;3;10;40;35;32;38
2017-08-28;LUNDI;6;8;20;24;42;6;6;8;20;24;42
2017-08-30;MERCREDI;7;12;26;29;47;9;29;26;7;12;47
2017-09-02;SAMEDI;1;10;14;18;40;7;10;14;1;40;18
2017-09-04;LUNDI;1;6;27;33;35;9;33;6;27;1;35
2017-09-06;MERCREDI;19;28;39;46;49;4;49;46;28;19;39
2017-09-09;SAMEDI;13;15;19;39;44;1;44;13;19;15;39
2017-09-11;LUNDI;12;23;42;45;48;9;23;42;48;45;12
2017-09-13;MERCREDI;4;18;25;33;45;1;18;45;4;25;33
2017-09-16;SAMEDI;4;16;18;37;46;5;37;46;4;18;16
2017-09-18;LUNDI;12;25;29;34;37;9;12;25;37;29;34
2017-09-20;MERCREDI;4;6;17;22;37;6;37;6;4;17;22
2017-09-23;SAMEDI;15;19;22;33;37;4;15;33;22;19;37
2017-09-25;LUNDI;16;17;33;34;37;6;37;16;17;33;34
2017-09-27;MERCREDI;10;13;16;35;42;4;13;10;16;42;35
2017-09-30;SAMEDI;3;16;27;38;44;7;16;44;3;38;27
2017-10-02;LUNDI;1;11;12;20;28;7;1;11;28;12;20
2017-10-04;MERCREDI;1;20;30;34;45;9;45;34;20;30;1
2017-10-07;SAMEDI;8;37;41;44;46;3;41;44;8;37;46
2017-10-09;LUNDI;3;6;15;30;47;9;47;30;6;15;3
2017-10-11;MERCREDI;6;15;29;44;48;4;44;48;6;29;15
2017-10-14;SAMEDI;18;20;38;43;47;3;18;20;38;43;47
2017-10-16;LUNDI;5;30;32;39;48;8;39;48;30;5;32
2017-10-18;MERCREDI;5;12;13;24;25;7;5;13;25;12;24
2017-10-21;SAMEDI;2;6;20;21;42;8;2;42;6;20;21
2017-10-23;LUNDI;12;21;25;44;47;3;12;21;47;44;25
2017-10-25;MERCREDI;3;9;19;41;43;8;9;3;19;41;43
2017-10-28;SAMEDI;5;12;22;29;47;8;22;12;47;5;29
2017-10-30;LUNDI;12;32;34;42;44;5;32;42;12;44;34
2017-11-01;MERCREDI;8;9;18;26;32;1;18;8;26;9;32
2017-11-04;SAMEDI;6;7;23;35;38;7;23;7;38;35;6
2017-11-06;LUNDI;27;30;45;48;49;1;30;45;49;27;48
2017-11-08;MERCREDI;2;13;26;37;41;5;37;41;13;26;2
2017-11-11;SAMEDI;1;36;40;47;48;3;40;47;48;1;36
2017-11-13;LUNDI;3;24;29;30;43;5;30;29;24;3;43
2017-11-15;MERCREDI;10;12;14;16;35;6;12;10;16;35;14
2017-11-18;SAMEDI;9;13;17;37;48;1;13;9;17;37;48
2017-11-20;LUNDI;6;30;35;40;43;3;6;30;40;43;35
2017-11-22;MERCREDI;1;2;10;30;39;8;30;1;10;2;39
2017-11-25;SAMEDI;1;2;43;47;48;10;43;1;48;2;47
2017-11-27;LUNDI;5;6;36;39;46;6;36;5;6;39;46
2017-11-29;MERCREDI;3;8;12;13;20;4;8;20;3;12;13
2017-12-02;SAMEDI;24;33;35;39;45;1;24;45;39;33;35
2017-12-04;LUNDI;15;23;32;41;43;8;43;32;15;23;41
2017-12-06;MERCREDI;7;12;27;30;38;1;27;12;38;7;30
2017-12-09;SAMEDI;10;23;46;48;49;8;48;49;10;46;23
2017-12-11;LUNDI;26;29;34;43;47;4;47;34;26;43;29
2017-12-13;MERCREDI;17;24;28;43;49;8;17;49;24;43;28
2017-12-16;SAMEDI;9;15;20;48;49;6;48;20;15;9;49
2017-12-18;LUNDI;10;11;29;39;48;9;11;39;48;10;29
2017-12-20;MERCREDI;6;10;11;13;24;9;6;11;13;24;10
2017-12-23;SAMEDI;4;6;8;44;48;10;4;6;44;8;48
2017-12-25;LUNDI;3;6;10;29;31;8;3;31;6;10;29
2017-12-27;MERCREDI;6;7;14;22;48;8;22;6;48;7;14
2017-12-30;SAMEDI;12;13;28;35;40;8;40;28;35;13;12
2018-01-01;LUNDI;7;9;10;14;43;1;7;43;10;9;14
2018-01-03;MERCREDI;4;23;27;34;44;4;34;44;27;23;4
2018-01-06;SAMEDI;6;17;31;40;45;9;45;40;17;6;31
2018-01-08;LUNDI;8;37;43;44;45;2;8;44;37;43;45
2018-01-10;MERCREDI;7;9;16;18;49;3;7;49;18;9;16
2018-01-13;SAMEDI;20;31;35;36;48;10;48;35;20;31;36
2018-01-15;LUNDI;2;5;15;22;28;2;15;28;22;2;5
2018-01-17;MERCREDI;4;16;25;40;49;3;16;25;40;49;4
2018-01-20;SAMEDI;27;32;38;44;46;7;44;32;27;38;46
2018-01-22;LUNDI;1;11;14;16;31;2;31;11;16;1;14
2018-01-24;MERCREDI;9;23;28;35;37;5;9;37;35;23;28
2018-01-27;SAMEDI;9;10;34;39;45;10;45;10;9;34;39
2018-01-29;LUNDI;11;21;27;32;36;6;11;32;27;36;21
2018-01-31;MERCREDI;4;16;26;29;49;1;29;26;16;4;49
2018-02-03;SAMEDI;9;13;22;23;38;4;22;9;23;38;13
2018-02-05;LUNDI;1;7;29;30;45;7;7;29;1;30;45
2018-02-07;MERCREDI;13;17;33;44;48;3;44;13;17;48;33
2018-02-10;SAMEDI;2;19;31;40;42;5;19;31;2;40;42
2018-02-12;LUNDI;3;27;32;35;48;9;27;35;48;3;32
2018-02-14;MERCREDI;3;5;13;19;44;4;13;3;44;19;5
2018-02-17;SAMEDI;14;22;38;48;49;9;49;48;14;22;38
2018-02-19;LUNDI;8;9;28;29;32;2;32;9;8;29;28
2018-02-21;MERCREDI;2;12;16;28;41;1;12;41;2;28;16
2018-02-24;SAMEDI;6;9;12;31;43;3;12;6;9;31;43
2018-02-26;LUNDI;13;34;37;39;42;3;13;34;39;42;37
2018-02-28;MERCREDI;5;28;31;42;49;7;42;5;49;31;28
2018-03-03;SAMEDI;2;3;4;8;31;9;3;4;8;2;31
2018-03-05;LUNDI;17;25;38;41;44;9;44;38;25;17;41
2018-03-07;MERCREDI;6;13;18;36;37;5;13;6;18;36;37
2018-03-10;SAMEDI;5;18;21;23;47;6;5;47;23;21;18
2018-03-12;LUNDI;7;10;13;27;38;8;27;7;10;38;13
2018-03-14;MERCREDI;3;4;13;36;46;10;36;46;13;4;3
2018-03-17;SAMEDI;13;30;36;43;48;9;48;43;36;30;13
2018-03-19;LUNDI;15;20;24;27;46;10;20;15;27;46;24
2018-03-21;MERCREDI;21;29;30;31;45;2;31;45;21;30;29
2018-03-24;SAMEDI;11;26;31;35;44;9;31;11;44;35;26
2018-03-26;LUNDI;4;10;17;27;37;10;27;17;37;10;4
2018-03-28;MERCREDI;5;15;39;43;45;10;43;39;15;5;45
2018-03-31;SAMEDI;2;18;31;41;42;8;42;2;41;18;31
2018-04-02;LUNDI;13;14;18;28;34;2;28;34;18;13;14
2018-04-04;MERCREDI;19;22;36;40;45;6;19;40;22;45;36
2018-04-07;SAMEDI;7;10;26;34;45;7;26;34;10;45;7
2018-04-09;LUNDI;1;20;28;32;42;6;1;32;20;28;42
2018-04-11;MERCREDI;1;17;32;40;46;8;40;46;32;17;1
2018-04-14;SAMEDI;1;5;24;36;49;7;24;5;49;36;1
2018-04-16;LUNDI;6;16;21;25;26;5;16;25;6;21;26
2018-04-18;MERCREDI;11;17;18;38;46;8;18;11;38;17;46
2018-04-21;SAMEDI;2;11;20;26;39;5;26;20;2;11;39
2018-04-23;LUNDI;2;20;29;32;33;8;2;33;20;29;32
2018-04-25;MERCREDI;5;10;21;23;36;1;21;23;5;10;36
2018-04-28;SAMEDI;14;31;36;40;47;2;36;14;40;31;47
2018-04-30;LUNDI;7;36;43;48;49;7;43;48;49;36;7
2018-05-02;MERCREDI;1;8;10;14;21;10;8;1;14;10;21
2018-05-05;SAMEDI;9;15;30;41;47;5;9;30;47;41;15
2018-05-07;LUNDI;10;13;23;43;46;6;43;13;10;23;46
2018-05-09;MERCREDI;5;10;23;34;35;6;10;23;35;34;5
2018-05-12;SAMEDI;5;6;9;23;47;10;6;23;9;47;5
2018-05-14;LUNDI;1;5;23;33;40;8;40;33;23;1;5
2018-05-16;MERCREDI;7;23;37;41;44;8;44;37;7;23;41
2018-05-19;SAMEDI;5;12;30;45;47;9;5;47;30;45;12
2018-05-21;LUNDI;4;5;16;20;46;5;20;4;46;16;5
2018-05-23;MERCREDI;3;14;25;29;36;9;14;29;3;36;25
2018-05-26;SAMEDI;2;3;24;26;43;8;26;24;2;43;3
2018-05-28;LUNDI;10;21;23;25;35;10;35;10;25;21;23
2018-05-30;MERCREDI;4;33;36;41;44;6;4;44;41;36;33
2018-06-02;SAMEDI;7;13;18;31;35;4;18;13;31;7;35
2018-06-04;LUNDI;8;16;35;38;48;2;8;38;48;16;35
2018-06-06;MERCREDI;5;6;33;43;47;2;43;5;33;6;47
2018-06-09;SAMEDI;5;7;9;12;16;10;7;16;5;9;12
2018-06-11;LUNDI;14;25;41;44;49;4;44;41;49;25;14
2018-06-13;MERCREDI;15;20;29;48;49;1;20;48;15;29;49
2018-06-16;SAMEDI;8;17;19;35;43;9;35;17;8;43;19
2018-06-18;LUNDI;2;7;13;34;44;8;34;2;7;13;44
2018-06-20;MERCREDI;6;8;30;33;43;3;43;33;8;30;6
2018-06-23;SAMEDI;10;32;36;41;49;10;41;32;49;10;36
2018-06-25;LUNDI;9;13;14;21;32;5;14;9;21;13;32
2018-06-27;MERCREDI;8;9;11;26;41;10;26;11;9;41;8
2018-06-30;SAMEDI;5;23;29;36;45;7;5;36;23;29;45
2018-07-02;LUNDI;16;36;38;45;48;8;48;38;36;45;16
2018-07-04;MERCREDI;16;20;23;41;45;5;41;23;16;20;45
2018-07-07;SAMEDI;3;10;11;34;41;10;41;3;34;11;10
2018-07-09;LUNDI;9;19;21;36;40;1;9;21;19;36;40
2018-07-11;MERCREDI;1;11;22;42;46;4;11;46;1;22;42
2018-07-14;SAMEDI;3;20;37;45;47;3;47;37;45;3;20
2018-07-16;LUNDI;3;9;16;31;36;1;36;31;9;16;3
2018-07-18;MERCREDI;18;26;27;35;43;7;18;26;27;43;35
2018-07-21;SAMEDI;1;9;18;28;44;10;44;18;9;28;1
2018-07-23;LUNDI;7;11;20;40;41;6;7;20;41;40;11
2018-07-25;MERCREDI;20;22;27;30;35;3;35;27;22;20;30
2018-07-28;SAMEDI;7;13;18;21;23;10;7;23;13;18;21
2018-07-30;LUNDI;7;13;33;41;43;2;33;7;13;41;43
2018-08-01;MERCREDI;15;17;35;45;47;4;47;15;45;35;17
2018-08-04;SAMEDI;9;23;32;38;41;3;41;23;9;32;38
2018-08-06;LUNDI;4;23;30;32;37;6;30;4;37;32;23
2018-08-08;MERCREDI;5;15;19;24;29;8;5;19;29;15;24
2018-08-11;SAMEDI;14;27;41;44;46;5;41;27;44;46;14
2018-08-13;LUNDI;2;10;19;21;40;6;10;19;21;2;40
2018-08-15;MERCREDI;6;21;27;40;47;8;40;21;47;27;6
2018-08-18;SAMEDI;16;31;33;37;49;8;33;37;31;16;49
2018-08-20;LUNDI;15;18;40;42;48;10;15;48;42;18;40
2018-08-22;MERCREDI;6;12;16;40;42;3;16;42;12;6;40
2018-08-25;SAMEDI;6;15;16;29;44;3;29;6;15;44;16
2018-08-27;LUNDI;10;17;18;24;40;2;40;17;24;18;10
2018-08-29;MERCREDI;17;19;31;40;45;1;17;45;19;40;31
2018-09-01;SAMEDI;11;32;35;41;42;6;32;35;11;41;42
2018-09-03;LUNDI;1;2;15;18;41;10;18;2;15;1;41
2018-09-05;MERCREDI;6;7;15;34;39;1;7;39;34;6;15
2018-09-08;SAMEDI;6;19;20;22;34;10;6;19;22;34;20
2018-09-10;LUNDI;19;20;27;38;46;10;27;20;19;46;38
2018-09-12;MERCREDI;4;11;24;33;35;9;11;33;24;35;4
2018-09-15;SAMEDI;1;11;13;26;46;5;11;26;1;46;13
2018-09-17;LUNDI;8;15;26;42;43;5;43;42;8;15;26
2018-09-19;MERCREDI;4;15;25;27;42;5;15;42;4;27;25
2018-09-22;SAMEDI;14;18;37;38;39;9;14;37;39;18;38
2018-09-24;LUNDI;6;8;12;17;30;3;12;30;17;8;6
2018-09-26;MERCREDI;10;15;18;36;40;3;40;18;15;36;10
2018-09-29;SAMEDI;7;10;15;17;31;4;31;7;15;10;17
2018-10-01;LUNDI;1;2;6;7;40;4;6;1;40;7;2
2018-10-03;MERCREDI;11;20;24;31;32;8;31;24;11;20;32
2018-10-06;SAMEDI;1;8;39;48;49;9;49;39;8;48;1
2018-10-08;LUNDI;1;4;23;24;46;2;46;1;4;23;24
2018-10-10;MERCREDI;4;5;24;29;38;3;5;24;38;29;4
2018-10-13;SAMEDI;1;4;22;36;45;8;1;36;45;4;22
2018-10-15;LUNDI;8;14;19;25;49;5;8;14;25;19;49
2018-10-17;MERCREDI;2;7;13;33;41;1;33;13;7;2;41
2018-10-20;SAMEDI;7;12;17;31;48;8;7;17;31;12;48
2018-10-22;LUNDI;4;10;19;29;47;6;10;4;29;19;47
2018-10-24;MERCREDI;9;28;34;36;45;6;28;45;34;36;9
2018-10-27;SAMEDI;21;26;29;35;36;9;26;21;36;29;35
2018-10-29;LUNDI;9;22;24;42;43;7;9;42;24;43;22
2018-10-31;MERCREDI;2;14;28;34;38;4;34;14;2;28;38
2018-11-03;SAMEDI;6;8;9;29;39;2;6;29;8;9;39
2018-11-05;LUNDI;9;11;29;32;39;8;9;11;39;29;32
2018-11-07;MERCREDI;3;6;20;27;33;8;33;27;3;20;6
2018-11-10;SAMEDI;18;20;30;43;44;7;20;43;18;44;30
2018-11-12;LUNDI;13;14;15;21;37;7;13;14;37;21;15
2018-11-14;MERCREDI;15;36;41;48;49;5;36;41;15;49;48
2018-11-17;SAMEDI;12;20;22;27;42;7;42;20;27;22;12
2018-11-19;LUNDI;20;21;28;33;46;7;33;46;21;20;28
2018-11-21;MERCREDI;20;21;22;23;45;10;22;45;20;21;23
2018-11-24;SAMEDI;5;10;11;15;22;5;15;11;5;22;10
2018-11-26;LUNDI;14;21;30;34;36;2;36;30;34;14;21
2018-11-28;MERCREDI;3;10;15;30;38;6;3;38;30;10;15
2018-12-01;SAMEDI;3;6;15;23;39;2;15;6;3;23;39
2018-12-03;LUNDI;1;9;15;19;39;5;1;15;9;19;39
2018-12-05;MERCREDI;6;17;18;19;41;9;6;19;41;17;18
2018-12-08;SAMEDI;11;14;25;29;38;8;25;38;11;29;14
2018-12-10;LUNDI;8;13;16;34;37;10;8;34;16;13;37
2018-12-12;MERCREDI;12;21;39;44;45;5;39;21;45;12;44
2018-12-15;SAMEDI;1;3;30;32;38;6;38;1;3;32;30
2018-12-17;LUNDI;2;9;25;30;35;9;2;9;25;35;30
2018-12-19;MERCREDI;3;10;11;21;25;3;21;3;25;10;11
2018-12-22;SAMEDI;11;22;31;44;46;5;44;46;31;11;22
2018-12-24;LUNDI;10;22;34;43;46;2;10;22;34;43;46
2018-12-26;MERCREDI;5;9;11;24;45;10;45;9;5;24;11
2018-12-29;SAMEDI;12;26;30;38;42;5;26;30;42;38;12
2018-12-31;LUNDI;14;24;27;34;43;10;43;24;34;27;14
2019-01-02;MERCREDI;2;12;26;29;36;7;36;12;29;2;26
2019-01-05;SAMEDI;6;7;18;40;48;7;48;18;40;7;6
2019-01-07;LUNDI;1;7;12;19;31;10;1;19;12;31;7
2019-01-09;MERCREDI;6;15;19;21;46;10;6;19;46;21;15
2019-01-12;SAMEDI;11;19;24;25;34;8;19;24;11;34;25
2019-01-14;LUNDI;1;11;33;35;44;10;35;33;44;1;11
2019-01-16;MERCREDI;1;10;11;15;31;3;15;11;10;1;31
2019-01-19;SAMEDI;10;16;34;37;39;7;37;10;39;16;34
2019-01-21;LUNDI;17;20;26;30;47;6;17;26;30;47;20
2019-01-23;MERCREDI;17;24;25;38;41;10;25;17;41;24;38
2019-01-26;SAMEDI;12;14;16;30;42;2;30;14;12;16;42
2019-01-28;LUNDI;6;15;30;37;47;6;37;15;30;6;47
2019-01-30;MERCREDI;11;15;20;30;47;9;20;47;15;11;30
2019-02-02;SAMEDI;5;7;27;32;35;3;32;27;5;7;35
2019-02-04;LUNDI;12;24;37;40;42;1;40;12;37;24;42
2019-02-06;MERCREDI;4;15;21;22;26;10;4;15;21;26;22
2019-02-09;SAMEDI;3;40;42;45;47;9;47;40;45;42;3
2019-02-11;LUNDI;13;15;25;43;48;5;43;15;13;48;25
2019-02-13;MERCREDI;7;14;29;41;43;3;43;41;29;14;7
2019-02-16;SAMEDI;7;8;11;25;46;7;8;7;25;11;46
2019-02-18;LUNDI;7;9;11;18;33;9;18;9;11;33;7
2019-02-20;MERCREDI;8;15;25;29;34;1;25;29;8;34;15
2019-02-23;SAMEDI;3;4;13;44;45;5;3;45;13;4;44
2019-02-25;LUNDI;7;37;38;44;48;7;7;44;37;48;38
2019-02-27;MERCREDI;1;4;14;19;34;2;14;1;34;19;4
2019-03-02;SAMEDI;16;25;38;42;46;9;46;42;38;25;16
2019-03-04;LUNDI;4;11;15;33;36;2;4;15;11;36;33
2019-03-06;MERCREDI;14;15;23;44;46;5;14;23;15;44;46
2019-03-09;SAMEDI;15;32;35;43;47;10;32;47;43;35;15
2019-03-11;LUNDI;5;6;16;24;25;1;25;24;16;6;5
2019-03-13;MERCREDI;5;8;20;29;32;3;29;5;20;8;32
2019-03-16;SAMEDI;1;19;22;31;33;1;33;19;1;31;22
2019-03-18;LUNDI;23;24;38;44;45;6;38;23;45;24;44
2019-03-20;MERCREDI;2;3;13;21;40;8;13;3;21;2;40
2019-03-23;SAMEDI;1;12;26;28;40;6;12;1;40;28;26
2019-03-25;LUNDI;22;23;24;46;47;2;46;47;23;22;24
2019-03-27;MERCREDI;10;19;25;45;49;1;49;45;25;10;19
2019-03-30;SAMEDI;2;3;15;41;44;3;15;44;41;3;2
2019-04-01;LUNDI;11;14;32;35;46;10;32;14;35;46;11
2019-04-03;MERCREDI;10;16;18;38;45;3;16;38;18;45;10
2019-04-06;SAMEDI;13;19;24;26;27;7;19;26;13;27;24
2019-04-08;LUNDI;9;13;15;24;26;9;24;9;26;15;13
2019-04-10;MERCREDI;14;16;22;23;42;5;22;23;14;42;16
2019-04-13;SAMEDI;1;9;17;24;46;8;17;9;1;24;46
2019-04-15;LUNDI;17;32;38;40;44;6;32;44;40;17;38
2019-04-17;MERCREDI;8;17;29;34;48;3;29;17;34;48;8
2019-04-20;SAMEDI;4;15;30;45;49;3;4;30;15;49;45
2019-04-22;LUNDI;5;7;21;29;39;7;39;7;21;29;5
2019-04-24;MERCREDI;3;11;13;15;35;3;3;11;35;13;15
2019-04-27;SAMEDI;17;25;26;27;33;2;27;17;26;25;33
2019-04-29;LUNDI;6;29;33;39;43;2;33;43;39;6;29
2019-05-01;MERCREDI;16;25;26;34;48;8;26;48;25;16;34
2019-05-04;SAMEDI;3;18;24;29;38;9;38;18;3;24;29
2019-05-06;LUNDI;5;23;24;35;38;3;23;38;5;24;35
2019-05-08;MERCREDI;2;4;16;20;35;5;2;16;4;20;35
2019-05-11;SAMEDI;19;24;34;44;45;2;24;44;34;19;45
2019-05-13;LUNDI;15;24;37;40;41;4;15;24;37;40;41
2019-05-15;MERCREDI;27;38;42;44;46;1;38;44;46;27;42
2019-05-18;SAMEDI;4;10;19;42;46;5;19;4;10;42;46
2019-05-20;LUNDI;14;29;32;41;43;1;32;14;43;29;41
2019-05-22;MERCREDI;1;27;37;48;49;1;1;48;27;49;37
2019-05-25;SAMEDI;2;13;42;43;47;10;42;47;2;13;43
2019-05-27;LUNDI;13;18;28;33;42;9;33;13;28;18;42
2019-05-29;MERCREDI;6;13;14;36;48;2;36;48;14;13;6
2019-06-01;SAMEDI;13;20;26;35;45;3;35;26;13;45;20
2019-06-03;LUNDI;9;12;33;41;42;1;42;12;9;41;33
2019-06-05;MERCREDI;17;26;28;38;47;7;28;47;26;38;17
2019-06-08;SAMEDI;9;10;14;41;45;1;14;41;9;10;45
2019-06-10;LUNDI;9;18;24;39;49;8;9;24;18;49;39
2019-06-12;MERCREDI;3;25;31;38;45;9;25;31;45;38;3
2019-06-15;SAMEDI;2;13;20;30;37;6;2;13;20;30;37
2019-06-17;LUNDI;12;13;20;31;49;2;20;49;31;12;13
2019-06-19;MERCREDI;4;18;36;45;46;5;45;46;4;36;18
2019-06-22;SAMEDI;10;13;20;25;27;2;13;20;10;25;27
2019-06-24;LUNDI;1;16;32;33;45;6;33;16;1;32;45
2019-06-26;MERCREDI;4;7;30;43;47;10;4;47;43;30;7
2019-06-29;SAMEDI;1;3;4;42;46;3;46;42;1;4;3
2019-07-01;LUNDI;3;17;23;38;41;3;38;23;41;3;17
2019-07-03;MERCREDI;8;31;38;39;45;8;39;38;8;31;45
2019-07-06;SAMEDI;2;6;12;13;27;10;13;6;2;27;12
2019-07-08;LUNDI;11;20;26;33;38;10;26;11;38;20;33
2019-07-10;MERCREDI;7;21;29;35;47;6;7;21;29;35;47
2019-07-13;SAMEDI;18;27;37;48;49;10;27;18;49;37;48
2019-07-15;LUNDI;1;3;10;13;19;4;10;1;19;13;3
2019-07-17;MERCREDI;4;26;27;28;47;8;26;4;27;47;28
2019-07-20;SAMEDI;17;18;21;29;35;6;21;17;29;35;18
2019-07-22;LUNDI;7;11;28;37;44;3;28;37;44;11;7
2019-07-24;MERCREDI;10;25;32;39;40;10;39;25;10;32;40
2019-07-27;SAMEDI;25;28;31;39;47;8;25;28;39;47;31
2019-07-29;LUNDI;3;6;21;29;47;3;6;29;3;47;21
2019-07-31;MERCREDI;8;18;30;32;36;5;32;18;8;36;30
2019-08-03;SAMEDI;4;5;7;10;23;4;10;4;5;23;7
2019-08-05;LUNDI;5;22;26;33;45;9;5;45;22;26;33
2019-08-07;MERCREDI;5;26;28;29;36;4;26;28;36;29;5
2019-08-10;SAMEDI;4;9;12;18;37;3;37;4;12;9;18
2019-08-12;LUNDI;9;20;30;31;34;10;31;30;9;20;34
2019-08-14;MERCREDI;17;27;34;45;48;2;45;17;27;48;34
2019-08-17;SAMEDI;1;8;21;28;37;2;1;21;28;8;37
2019-08-19;LUNDI;2;7;14;28;31;3;14;31;7;28;2
2019-08-21;MERCREDI;1;3;17;25;38;8;17;3;38;1;25
2019-08-24;SAMEDI;15;17;23;31;38;4;23;31;15;38;17
2019-08-26;LUNDI;4;21;27;46;47;6;4;21;46;27;47
2019-08-28;MERCREDI;7;14;25;42;47;5;14;25;47;7;42
2019-08-31;SAMEDI;19;21;25;38;47;4;47;21;25;19;38
2019-09-02;LUNDI;2;6;21;33;44;4;6;2;44;33;21
2019-09-04;MERCREDI;2;4;7;25;35;3;25;2;4;7;35
2019-09-07;SAMEDI;2;12;16;27;30;2;16;12;27;30;2
2019-09-09;LUNDI;2;5;28;42;44;8;42;2;44;28;5
2019-09-11;MERCREDI;6;14;19;27;35;10;35;19;6;27;14
2019-09-14;SAMEDI;18;19;23;26;28;9;28;23;18;26;19
2019-09-16;LUNDI;13;31;32;35;42;5;42;35;31;32;13
2019-09-18;MERCREDI;3;5;6;16;36;10;16;6;36;5;3
2019-09-21;SAMEDI;8;15;41;42;44;10;15;42;41;44;8
2019-09-23;LUNDI;20;29;34;36;42;4;36;20;42;34;29
2019-09-25;MERCREDI;1;7;15;22;26;3;7;1;26;22;15
2019-09-28;SAMEDI;12;15;18;19;40;5;18;15;12;19;40
2019-09-30;LUNDI;2;23;33;43;47;2;43;2;33;23;47
2019-10-02;MERCREDI;32;33;35;37;49;3;33;37;32;35;49
2019-10-05;SAMEDI;2;16;30;31;38;5;30;2;38;16;31
2019-10-07;LUNDI;2;4;11;19;35;5;19;4;2;35;11
2019-10-09;MERCREDI;14;17;36;39;44;5;14;39;17;44;36
2019-10-12;SAMEDI;10;12;16;27;37;9;27;16;12;37;10
2019-10-14;LUNDI;6;16;18;24;48;9;16;48;18;24;6
2019-10-16;MERCREDI;5;18;19;30;35;2;19;30;5;18;35
2019-10-19;SAMEDI;23;24;31;32;36;8;36;23;24;31;32
2019-10-21;LUNDI;3;13;40;42;48;4;13;42;40;48;3
2019-10-23;MERCREDI;31;33;40;44;49;1;49;44;31;33;40
2019-10-26;SAMEDI;11;13;20;30;44;9;11;30;44;13;20
2019-10-28;LUNDI;17;18;35;36;46;4;46;17;36;35;18
2019-10-30;MERCREDI;2;13;22;46;48;1;46;13;48;2;22
2019-11-02;SAMEDI;1;13;16;18;41;3;41;1;18;16;13
2019-11-06;MERCREDI;23;27;42;43;44;10;43;27;23;44;42
2019-11-09;SAMEDI;6;18;24;26;29;3;26;24;6;18;29
2019-11-11;LUNDI;13;14;25;27;28;5;28;14;27;13;25
2019-11-13;MERCREDI;10;13;19;22;35;1;22;13;10;35;19
2019-11-16;SAMEDI;10;12;29;30;49;9;10;49;30;12;29
2019-11-18;LUNDI;6;12;15;31;44;7;31;44;6;15;12
2019-11-20;MERCREDI;7;22;23;30;37;3;22;23;7;30;37
2019-11-23;SAMEDI;4;9;22;27;28;4;4;27;28;9;22
2019-11-25;LUNDI;33;35;38;41;44;8;44;41;35;33;38
2019-11-27;MERCREDI;2;15;18;29;44;4;44;2;15;29;18
2019-11-30;SAMEDI;7;16;17;25;48;3;7;25;17;48;16
2019-12-02;LUNDI;11;14;28;39;42;9;39;28;14;11;42
2019-12-04;MERCREDI;8;26;30;35;40;2;8;30;26;35;40
2019-12-07;SAMEDI;10;29;38;40;44;8;40;29;44;38;10
2019-12-09;LUNDI;1;15;24;25;34;8;1;34;15;24;25
2019-12-11;MERCREDI;1;25;33;40;48;8;25;33;48;1;40
2019-12-14;SAMEDI;3;4;17;38;48;9;3;48;17;4;38
2019-12-16;LUNDI;10;26;35;38;39;6;38;26;39;35;10
2019-12-18;MERCREDI;5;6;7;17;23;9;23;6;17;5;7
2019-12-21;SAMEDI;19;22;23;27;48;2;48;23;27;19;22
2019-12-23;LUNDI;7;20;32;36;37;2;37;36;32;20;7
2019-12-25;MERCREDI;15;24;36;40;45;9;36;40;45;24;15
2019-12-28;SAMEDI;8;18;24;48;49;8;24;48;49;18;8
2019-12-30;LUNDI;12;32;34;38;48;6;12;38;34;32;48
2020-01-01;MERCREDI;4;7;11;24;32;10;11;7;32;24;4
2020-01-04;SAMEDI;9;22;31;34;43;5;22;9;43;31;34
2020-01-06;LUNDI;10;19;26;30;49;3;49;10;19;26;30
2020-01-08;MERCREDI;16;17;29;37;44;8;17;44;29;16;37
2020-01-11;SAMEDI;2;13;14;23;48;3;48;14;2;23;13
2020-01-13;LUNDI;11;14;16;25;32;9;16;11;25;32;14
2020-01-15;MERCREDI;8;19;22;35;46;2;35;19;8;22;46
2020-01-18;SAMEDI;1;2;12;13;33;9;12;1;33;13;2
2020-01-20;LUNDI;13;26;30;31;38;1;13;38;31;30;26
2020-01-22;MERCREDI;12;25;26;28;42;10;25;28;42;26;12
2020-01-25;SAMEDI;7;11;17;30;36;5;36;17;30;7;11
2020-01-27;LUNDI;7;10;12;27;41;1;27;12;10;7;41
2020-01-29;MERCREDI;6;14;30;31;45;8;31;30;6;14;45
2020-02-01;SAMEDI;16;21;22;25;36;9;36;25;22;21;16
2020-02-03;LUNDI;7;20;31;33;49;4;49;20;7;31;33
2020-02-05;MERCREDI;6;11;21;29;30;4;30;21;6;11;29
2020-02-08;SAMEDI;7;12;31;45;47;10;47;31;12;45;7
2020-02-10;LUNDI;15;25;37;38;49;8;15;49;37;25;38
2020-02-12;MERCREDI;17;30;38;43;47;5;47;38;17;30;43
2020-02-15;SAMEDI;4;5;25;45;48;7;48;4;25;5;45
2020-02-17;LUNDI;7;19;39;41;44;1;44;39;7;41;19
2020-02-19;MERCREDI;16;21;40;41;46;2;40;16;21;41;46
2020-02-22;SAMEDI;4;5;24;26;39;4;4;39;26;5;24
2020-02-24;LUNDI;9;15;20;27;47;7;20;15;27;9;47
2020-02-26;MERCREDI;6;20;30;32;45;4;20;6;30;32;45
2020-02-29;SAMEDI;5;10;19;24;37;6;37;24;19;10;5
2020-03-02;LUNDI;21;26;39;40;42;5;42;26;21;39;40
2020-03-04;MERCREDI;10;17;30;33;49;4;10;17;33;30;49
2020-03-07;SAMEDI;4;5;24;35;37;2;5;35;37;4;24
2020-03-09;LUNDI;5;26;33;41;42;7;26;41;5;33;42
2020-03-11;MERCREDI;5;14;38;45;46;1;38;45;5;14;46
2020-03-14;SAMEDI;28;31;38;41;43;10;28;41;38;31;43
2020-03-16;LUNDI;4;16;23;40;44;3;44;16;4;40;23
2020-03-18;MERCREDI;10;28;29;46;48;9;48;10;46;28;29
2020-03-21;SAMEDI;7;8;16;37;42;8;16;37;8;7;42
2020-03-23;LUNDI;5;21;28;48;49;2;28;49;5;48;21
2020-03-25;MERCREDI;24;32;34;40;45;1;40;45;24;32;34
2020-03-28;SAMEDI;22;23;26;32;35;5;35;23;26;32;22
2020-03-30;LUNDI;12;17;21;23;37;7;21;37;12;17;23
2020-04-01;MERCREDI;3;28;41;42;48;6;41;48;42;28;3
2020-04-04;SAMEDI;2;35;39;40;42;9;40;2;35;39;42
2020-04-06;LUNDI;7;18;23;29;35;4;23;29;18;35;7
2020-04-08;MERCREDI;6;9;16;19;26;9;16;9;19;26;6
2020-04-11;SAMEDI;1;8;41;43;48;7;8;43;1;48;41
2020-04-13;LUNDI;1;17;19;23;42;9;42;1;19;23;17
2020-04-15;MERCREDI;1;3;16;31;48;6;16;1;31;48;3
2020-04-18;SAMEDI;1;27;33;45;47;8;45;1;33;47;27
2020-04-20;LUNDI;5;7;9;37;41;6;37;5;9;7;41
2020-04-22;MERCREDI;28;30;40;41;43;7;28;30;43;40;41
2020-04-25;SAMEDI;6;10;13;24;49;3;49;6;24;13;10
2020-04-27;LUNDI;11;14;19;29;41;9;41;11;19;29;14
2020-04-29;MERCREDI;5;7;25;29;47;1;25;29;47;5;7
2020-05-02;SAMEDI;9;12;22;30;43;4;43;22;12;30;9
2020-05-04;LUNDI;8;9;15;33;39;10;39;8;9;33;15
2020-05-06;MERCREDI;10;14;15;36;48;3;48;36;14;15;10
2020-05-09;SAMEDI;29;35;39;47;48;7;48;39;29;47;35
2020-05-11;LUNDI;3;5;17;33;34;10;34;5;33;3;17
2020-05-13;MERCREDI;4;17;38;43;49;8;43;4;17;38;49
2020-05-16;SAMEDI;19;26;27;41;46;4;26;27;41;46;19
2020-05-18;LUNDI;10;14;20;30;35;9;20;30;35;14;10
2020-05-20;MERCREDI;14;20;39;45;47;8;45;14;39;20;47
2020-05-23;SAMEDI;3;22;23;28;29;2;22;28;3;23;29
2020-05-25;LUNDI;9;26;30;36;42;4;9;26;30;42;36
2020-05-27;MERCREDI;6;12;29;31;44;6;29;6;12;44;31
2020-05-30;SAMEDI;5;14;16;42;44;9;5;14;42;44;16
2020-06-01;LUNDI;2;24;26;32;36;7;24;26;2;36;32
2020-06-03;MERCREDI;12;13;16;26;44;6;12;13;26;44;16
2020-06-06;SAMEDI;7;14;29;43;44;5;14;7;43;44;29
2020-06-08;LUNDI;2;8;22;26;46;1;8;22;26;46;2
2020-06-10;MERCREDI;9;11;20;36;47;2;47;36;20;11;9
2020-06-13;SAMEDI;5;6;25;28;32;4;25;32;6;5;28
2020-06-15;LUNDI;2;22;26;47;49;2;22;49;26;2;47
2020-06-17;MERCREDI;10;13;20;26;46;1;26;13;10;20;46
2020-06-20;SAMEDI;8;14;24;33;38;5;8;24;33;38;14
2020-06-22;LUNDI;5;9;21;36;39;5;9;36;5;21;39
2020-06-24;MERCREDI;8;17;31;34;36;7;36;8;31;34;17
2020-06-27;SAMEDI;1;2;6;27;39;4;1;39;2;6;27
2020-06-29;LUNDI;20;21;29;46;47;7;21;29;20;47;46
2020-07-01;MERCREDI;5;13;14;44;47;8;44;47;5;13;14
2020-07-04;SAMEDI;13;23;27;36;44;6;23;13;27;44;36
2020-07-06;LUNDI;2;11;30;35;42;6;2;11;42;30;35
2020-07-08;MERCREDI;9;26;30;37;48;8;30;48;37;9;26
2020-07-11;SAMEDI;6;28;32;35;40;7;32;6;35;28;40
2020-07-13;LUNDI;2;3;24;35;46;8;24;3;35;46;2
2020-07-15;MERCREDI;4;6;12;35;44;3;6;12;4;35;44
2020-07-18;SAMEDI;11;22;34;42;43;4;11;42;22;34;43
2020-07-20;LUNDI;8;22;26;28;42;2;8;42;22;28;26
2020-07-22;MERCREDI;4;18;20;28;38;1;4;28;38;20;18
2020-07-25;SAMEDI;6;10;15;18;48;4;18;10;6;15;48
2020-07-27;LUNDI;15;19;24;25;45;3;19;24;45;15;25
2020-07-29;MERCREDI;7;19;39;46;47;5;47;46;7;19;39
2020-08-01;SAMEDI;9;17;18;25;38;9;17;18;25;38;9
2020-08-03;LUNDI;23;30;42;43;48;7;43;48;42;23;30
2020-08-05;MERCREDI;15;17;22;32;46;8;46;32;22;15;17
2020-08-08;SAMEDI;4;6;35;42;49;9;35;42;49;4;6
2020-08-10;LUNDI;1;2;11;28;38;6;28;38;2;1;11
2020-08-12;MERCREDI;3;17;30;44;47;3;17;47;30;3;44
2020-08-15;SAMEDI;3;5;15;41;42;7;5;41;3;42;15
2020-08-17;LUNDI;1;6;39;40;48;6;6;1;39;48;40
2020-08-19;MERCREDI;4;11;13;34;35;1;35;11;13;4;34
2020-08-22;SAMEDI;5;7;11;32;33;5;7;11;5;32;33
2020-08-24;LUNDI;18;19;22;28;37;2;28;18;22;37;19
2020-08-26;MERCREDI;4;13;31;40;45;3;13;45;4;40;31
2020-08-29;SAMEDI;15;21;23;38;39;4;23;15;38;21;39
2020-08-31;LUNDI;4;7;11;16;17;10;7;16;17;4;11
2020-09-02;MERCREDI;3;14;21;23;47;3;14;23;21;47;3
2020-09-05;SAMEDI;15;19;22;24;46;3;22;15;19;24;46
2020-09-07;LUNDI;14;31;35;37;44;7;37;35;31;44;14
2020-09-09;MERCREDI;20;24;29;45;48;3;24;48;20;29;45
2020-09-12;SAMEDI;12;16;21;24;46;2;16;46;12;21;24
2020-09-14;LUNDI;5;13;23;32;49;2;23;49;5;13;32
2020-09-16;MERCREDI;17;19;23;28;49;7;28;19;49;23;17
2020-09-19;SAMEDI;27;32;33;42;46;7;33;42;27;46;32
2020-09-21;LUNDI;16;19;38;41;46;9;46;41;38;19;16
2020-09-23;MERCREDI;5;11;23;25;33;5;11;5;25;23;33
2020-09-26;SAMEDI;4;8;31;39;49;9;4;31;49;8;39
2020-09-28;LUNDI;6;22;33;35;44;2;33;22;44;6;35
2020-09-30;MERCREDI;2;24;26;32;49;5;26;24;49;32;2
2020-10-03;SAMEDI;9;18;31;33;36;2;31;36;9;33;18
2020-10-05;LUNDI;5;6;9;19;22;5;6;22;19;5;9
2020-10-07;MERCREDI;6;17;19;30;49;2;17;30;6;49;19
2020-10-10;SAMEDI;26;31;42;47;48;8;48;26;31;47;42
2020-10-12;LUNDI;7;11;18;21;42;3;18;7;21;42;11
2020-10-14;MERCREDI;19;26;32;39;42;6;19;42;32;26;39
2020-10-17;SAMEDI;9;20;23;24;28;4;28;23;24;9;20
2020-10-19;LUNDI;7;25;28;35;48;1;7;35;48;28;25
2020-10-21;MERCREDI;15;21;33;35;48;1;35;48;33;21;15
2020-10-24;SAMEDI;4;8;12;25;45;2;8;25;4;12;45
2020-10-26;LUNDI;7;8;12;22;33;5;33;7;8;12;22
2020-10-28;MERCREDI;2;19;25;30;43;9;25;43;30;2;19
2020-10-31;SAMEDI;9;13;22;28;35;5;22;35;9;28;13
2020-11-02;LUNDI;31;33;38;42;43;3;42;43;38;33;31
2020-11-04;MERCREDI;9;10;14;16;29;1;29;10;16;14;9
2020-11-07;SAMEDI;5;30;42;45;48;9;45;5;48;42;30
2020-11-09;LUNDI;5;18;26;38;41;10;26;18;41;38;5
2020-11-11;MERCREDI;10;15;16;17;37;9;15;17;10;37;16
2020-11-14;SAMEDI;17;24;26;40;43;9;40;26;17;24;43
2020-11-16;LUNDI;7;16;33;42;47;7;7;47;16;33;42
2020-11-18;MERCREDI;11;14;28;41;43;8;28;11;14;43;41
2020-11-21;SAMEDI;5;17;44;46;49;4;49;17;44;5;46
2020-11-23;LUNDI;1;6;12;15;20;1;15;20;12;6;1
2020-11-25;MERCREDI;1;10;14;26;31;4;1;26;14;31;10
2020-11-28;SAMEDI;2;9;25;35;47;10;9;25;2;47;35
2020-11-30;LUNDI;9;18;26;28;29;3;28;9;26;29;18
2020-12-02;MERCREDI;14;23;27;40;46;1;23;14;40;46;27
2020-12-05;SAMEDI;9;14;20;34;35;1;34;20;14;35;9
2020-12-07;LUNDI;4;27;38;45;48;4;45;27;48;4;38
2020-12-09;MERCREDI;17;24;39;47;48;7;47;17;48;39;24
2020-12-12;SAMEDI;9;14;23;31;45;6;14;31;9;45;23
2020-12-14;LUNDI;2;13;34;47;48;6;47;48;13;34;2
2020-12-16;MERCREDI;6;16;17;21;41;9;21;6;41;17;16
2020-12-19;SAMEDI;10;23;29;30;49;5;30;29;49;23;10
2020-12-21;LUNDI;10;31;36;37;44;5;10;31;36;37;44
2020-12-23;MERCREDI;3;5;31;38;39;9;5;3;39;31;38
2020-12-26;SAMEDI;2;3;31;35;40;7;31;3;40;35;2
2020-12-28;LUNDI;1;22;34;41;42;5;41;34;42;22;1
2020-12-30;MERCREDI;13;20;31;36;38;1;36;20;13;31;38
2021-01-02;SAMEDI;5;7;24;27;41;10;5;27;7;24;41
2021-01-04;LUNDI;19;30;31;39;49;8;31;39;30;49;19
2021-01-06;MERCREDI;11;21;32;41;47;9;41;21;32;47;11
2021-01-09;SAMEDI;7;11;12;27;49;1;49;12;27;11;7
2021-01-11;LUNDI;1;8;17;33;46;5;33;46;8;17;1
2021-01-13;MERCREDI;17;30;32;41;42;5;32;42;30;17;41
2021-01-16;SAMEDI;14;20;22;36;44;2;44;20;14;22;36
2021-01-18;LUNDI;5;10;25;43;48;10;5;43;10;48;25
2021-01-20;MERCREDI;11;21;22;32;40;9;21;11;22;40;32
2021-01-23;SAMEDI;1;13;19;24;48;5;1;19;13;24;48
2021-01-25;LUNDI;3;7;13;31;49;5;13;31;49;7;3
2021-01-27;MERCREDI;6;23;25;27;44;6;27;44;25;23;6
2021-01-30;SAMEDI;5;9;17;33;37;4;17;5;33;9;37
2021-02-01;LUNDI;1;17;18;21;45;9;1;18;45;17;21
2021-02-03;MERCREDI;17;21;26;31;37;10;17;31;26;37;21
2021-02-06;SAMEDI;9;15;42;44;47;10;44;42;15;9;47
2021-02-08;LUNDI;5;9;10;19;29;8;19;10;9;29;5
2021-02-10;MERCREDI;13;15;29;33;44;4;44;13;29;15;33
2021-02-13;SAMEDI;9;13;17;28;31;10;13;17;31;28;9
2021-02-15;LUNDI;6;12;13;17;22;7;13;22;17;6;12
2021-02-17;MERCREDI;29;31;34;35;41;8;34;31;35;41;29
2021-02-20;SAMEDI;19;21;36;39;49;5;21;36;19;39;49
2021-02-22;LUNDI;3;15;24;26;37;7;3;37;26;15;24
2021-02-24;MERCREDI;10;18;19;41;47;2;47;18;41;10;19
2021-02-27;SAMEDI;4;11;29;42;43;10;4;29;42;43;11
2021-03-01;LUNDI;4;8;14;21;47;9;4;14;21;47;8
2021-03-03;MERCREDI;8;19;38;41;49;7;38;8;41;49;19
2021-03-06;SAMEDI;3;11;13;22;30;8;11;22;3;13;30
2021-03-08;LUNDI;8;19;24;38;40;10;24;8;38;19;40
2021-03-10;MERCREDI;20;26;33;34;42;9;26;42;33;20;34
2021-03-13;SAMEDI;4;10;19;22;47;8;47;22;19;4;10
2021-03-15;LUNDI;15;29;33;38;41;2;29;38;33;15;41
2021-03-17;MERCREDI;3;18;30;45;46;3;45;18;46;3;30
2021-03-20;SAMEDI;4;14;18;27;42;3;42;18;14;4;27
2021-03-22;LUNDI;6;15;24;34;39;4;15;6;34;39;24
2021-03-24;MERCREDI;9;22;28;37;38;10;22;38;28;37;9
2021-03-27;SAMEDI;8;10;11;16;18;5;16;11;18;8;10
2021-03-29;LUNDI;13;18;28;38;41;1;41;28;18;13;38
2021-03-31;MERCREDI;2;22;24;27;35;5;2;27;24;35;22
2021-04-03;SAMEDI;1;2;17;38;45;2;17;1;38;2;45
2021-04-05;LUNDI;2;12;15;22;32;8;32;22;2;12;15
2021-04-07;MERCREDI;9;16;19;35;43;4;35;19;9;16;43
2021-04-10;SAMEDI;4;8;9;15;35;8;9;35;15;8;4
2021-04-12;LUNDI;7;11;14;26;43;7;43;14;26;7;11
2021-04-14;MERCREDI;20;23;25;27;47;6;27;25;20;23;47
2021-04-17;SAMEDI;17;30;34;37;38;1;38;37;17;34;30
2021-04-19;LUNDI;17;27;36;44;49;1;49;17;36;44;27
2021-04-21;MERCREDI;6;31;39;45;49;4;45;31;6;49;39
2021-04-24;SAMEDI;12;26;36;41;42;7;41;12;26;42;36
2021-04-26;LUNDI;2;8;32;34;41;6;2;34;41;32;8
2021-04-28;MERCREDI;4;10;12;15;49;6;4;15;10;49;12
2021-05-01;SAMEDI;5;25;27;34;38;7;27;25;5;34;38
2021-05-03;LUNDI;8;11;37;44;48;6;44;8;11;48;37
2021-05-05;MERCREDI;8;36;41;46;48;6;36;48;46;41;8
2021-05-08;SAMEDI;6;24;35;40;41;6;41;35;40;6;24
2021-05-10;LUNDI;12;13;17;27;44;10;44;12;13;17;27
2021-05-12;MERCREDI;9;11;19;22;36;1;19;11;22;36;9
2021-05-15;SAMEDI;7;24;29;31;47;3;7;31;29;24;47
2021-05-17;LUNDI;3;17;23;42;47;4;23;42;3;17;47
2021-05-19;MERCREDI;3;17;23;28;41;3;28;17;41;3;23
2021-05-22;SAMEDI;2;7;9;19;45;10;9;2;45;19;7
2021-05-24;LUNDI;7;11;29;44;47;9;11;44;47;29;7
2021-05-26;MERCREDI;1;5;20;22;42;6;20;1;22;5;42
2021-05-29;SAMEDI;4;9;32;36;44;3;32;4;36;44;9
2021-05-31;LUNDI;3;13;25;32;47;9;25;3;13;32;47
2021-06-02;MERCREDI;3;25;26;33;34;6;33;34;25;3;26
2021-06-05;SAMEDI;6;16;25;37;45;9;45;16;6;37;25
2021-06-07;LUNDI;6;7;11;28;34;8;6;28;34;7;11
2021-06-09;MERCREDI;2;16;24;33;41;8;16;33;41;2;24
2021-06-12;SAMEDI;2;5;9;10;29;1;9;2;5;29;10
2021-06-14;LUNDI;12;19;21;40;47;7;40;12;47;21;19
2021-06-16;MERCREDI;3;22;23;35;46;9;22;23;35;46;3
2021-06-19;SAMEDI;3;14;27;44;46;6;3;44;46;27;14
2021-06-21;LUNDI;18;21;25;44;47;10;44;21;25;18;47
2021-06-23;MERCREDI;1;3;6;16;40;1;1;16;6;3;40
2021-06-26;SAMEDI;13;24;37;38;45;6;37;24;38;13;45
2021-06-28;LUNDI;4;8;15;28;48;1;4;28;48;8;15
2021-06-30;MERCREDI;6;8;31;44;48;9;8;44;6;48;31
2021-07-03;SAMEDI;2;13;19;33;48;2;33;48;13;2;19
2021-07-05;LUNDI;3;32;36;43;45;2;43;36;3;32;45
2021-07-07;MERCREDI;8;18;37;44;46;2;37;18;8;44;46
2021-07-10;SAMEDI;3;38;42;43;46;1;43;3;38;42;46
2021-07-12;LUNDI;8;30;31;37;38;1;38;31;8;37;30
2021-07-14;MERCREDI;18;29;31;36;38;10;36;18;38;31;29
2021-07-17;SAMEDI;8;11;17;31;47;6;31;8;47;11;17
2021-07-19;LUNDI;2;3;4;15;28;5;3;28;15;4;2
2021-07-21;MERCREDI;6;25;27;32;37;9;27;25;6;37;32
2021-07-24;SAMEDI;5;22;24;31;40;9;24;40;5;31;22
2021-07-26;LUNDI;5;21;34;37;42;10;42;5;34;21;37
2021-07-28;MERCREDI;1;3;8;28;29;6;1;28;3;29;8
2021-07-31;SAMEDI;6;7;17;22;46;3;22;6;46;7;17
2021-08-02;LUNDI;7;24;42;44;46;2;24;44;46;42;7
2021-08-04;MERCREDI;20;21;22;36;44;10;21;36;22;20;44
2021-08-07;SAMEDI;6;7;24;36;47;10;7;24;36;6;47
2021-08-09;LUNDI;28;37;38;43;45;3;37;43;45;28;38
2021-08-11;MERCREDI;5;6;13;21;43;4;43;13;21;5;6
2021-08-14;SAMEDI;4;28;35;42;49;7;4;28;42;49;35
2021-08-16;LUNDI;10;13;22;27;49;4;22;27;13;10;49
2021-08-18;MERCREDI;4;7;12;24;25;2;4;7;12;24;25
2021-08-21;SAMEDI;2;8;19;29;46;2;46;8;2;19;29
2021-08-23;LUNDI;11;13;21;22;31;6;13;22;31;11;21
2021-08-25;MERCREDI;3;9;19;26;29;8;19;9;29;26;3
2021-08-28;SAMEDI;8;11;43;46;48;9;48;43;46;11;8
2021-08-30;LUNDI;3;18;32;34;44;9;32;34;18;44;3
2021-09-01;MERCREDI;17;24;27;32;49;7;49;27;32;24;17
2021-09-04;SAMEDI;30;35;41;45;49;3;41;49;30;45;35
2021-09-06;LUNDI;3;13;31;36;40;9;3;31;36;13;40
2021-09-08;MERCREDI;7;12;15;27;34;4;7;34;27;12;15
2021-09-11;SAMEDI;3;5;15;33;49;8;5;3;49;33;15
2021-09-13;LUNDI;4;21;24;30;40;4;4;30;24;21;40
2021-09-15;MERCREDI;4;22;27;30;48;7;48;22;4;30;27
2021-09-18;SAMEDI;2;9;21;38;39;2;39;38;21;2;9
2021-09-20;LUNDI;10;12;15;31;45;5;12;10;45;15;31
2021-09-22;MERCREDI;5;9;13;14;40;1;5;40;13;14;9
2021-09-25;SAMEDI;16;18;20;35;49;1;20;35;49;18;16
2021-09-27;LUNDI;12;26;31;37;40;3;12;26;31;40;37
2021-09-29;MERCREDI;6;13;28;33;39;10;6;39;28;13;33
2021-10-02;SAMEDI;6;8;20;35;46;9;6;46;35;20;8
2021-10-04;LUNDI;5;7;15;19;44;1;44;15;5;19;7
2021-10-06;MERCREDI;8;20;34;41;44;2;44;34;20;8;41
2021-10-09;SAMEDI;15;19;22;29;34;3;22;29;19;15;34
2021-10-11;LUNDI;1;7;9;26;28;3;26;7;1;9;28
2021-10-13;MERCREDI;19;20;21;43;49;10;21;20;19;43;49
2021-10-16;SAMEDI;5;15;23;37;46;10;23;15;46;5;37
2021-10-18;LUNDI;9;27;35;36;41;6;41;27;36;35;9
2021-10-20;MERCREDI;16;22;26;35;42;4;26;35;16;22;42
2021-10-23;SAMEDI;6;10;35;36;48;9;6;36;35;10;48
2021-10-25;LUNDI;3;31;37;43;48;10;31;48;43;37;3
2021-10-27;MERCREDI;15;16;27;41;44;9;41;16;44;27;15
2021-10-30;SAMEDI;11;12;30;43;46;9;46;11;43;12;30
2021-11-01;LUNDI;1;26;27;43;47;6;47;27;26;43;1
2021-11-03;MERCREDI;7;31;38;39;42;10;7;39;31;38;42
2021-11-06;SAMEDI;2;4;18;19;22;3;19;2;18;22;4
2021-11-08;LUNDI;7;11;32;44;48;3;44;32;11;48;7
2021-11-10;MERCREDI;9;12;31;40;41;2;31;12;9;40;41
2021-11-13;SAMEDI;12;13;26;31;39;6;39;13;12;31;26
2021-11-15;LUNDI;7;8;34;41;42;8;34;7;8;41;42
2021-11-17;MERCREDI;4;36;37;40;43;6;37;40;36;4;43
2021-11-20;SAMEDI;9;17;18;42;44;8;44;9;18;17;42
2021-11-22;LUNDI;8;12;16;19;41;5;19;12;8;41;16
2021-11-24;MERCREDI;14;24;34;39;47;8;14;34;39;24;47
2021-11-27;SAMEDI;12;25;27;28;46;4;25;28;46;12;27
2021-11-29;LUNDI;26;30;31;35;44;4;30;26;35;44;31
2021-12-01;MERCREDI;3;18;26;46;49;6;26;18;3;49;46
2021-12-04;SAMEDI;5;18;23;34;44;5;23;18;34;5;44
2021-12-06;LUNDI;7;15;16;29;36;6;29;16;36;7;15
2021-12-08;MERCREDI;1;16;26;28;30;4;28;26;1;30;16
2021-12-11;SAMEDI;16;26;34;42;45;9;16;45;34;42;26
2021-12-13;LUNDI;18;19;23;36;38;1;23;38;36;18;19
2021-12-15;MERCREDI;11;34;37;38;47;8;34;47;11;37;38
2021-12-18;SAMEDI;2;10;31;38;46;8;10;46;2;31;38
2021-12-20;LUNDI;12;22;23;25;47;1;22;23;12;47;25
2021-12-22;MERCREDI;11;20;24;41;46;1;41;20;46;11;24
2021-12-25;SAMEDI;6;21;25;37;48;10;6;25;48;21;37
2021-12-27;LUNDI;6;12;14;20;32;8;32;20;6;12;14
2021-12-29;MERCREDI;18;21;33;48;49;7;21;18;33;49;48
2022-01-01;SAMEDI;6;14;30;36;39;5;30;36;14;6;39
2022-01-03;LUNDI;22;33;34;36;38;5;33;36;34;38;22
2022-01-05;MERCREDI;6;17;30;32;45;4;17;45;30;32;6
2022-01-08;SAMEDI;17;22;25;42;43;10;22;42;43;17;25
2022-01-10;LUNDI;14;34;35;41;43;9;14;43;34;41;35
2022-01-12;MERCREDI;1;20;23;26;44;4;23;20;1;26;44
2022-01-15;SAMEDI;10;13;19;30;47;8;19;10;30;13;47
2022-01-17;LUNDI;4;5;15;22;27;9;4;27;5;15;22
2022-01-19;MERCREDI;8;27;41;43;44;6;44;27;41;8;43
2022-01-22;SAMEDI;3;17;26;30;39;8;26;3;39;17;30
2022-01-24;LUNDI;4;7;15;38;40;2;15;38;7;4;40
2022-01-26;MERCREDI;14;16;33;38;45;10;14;16;33;38;45
2022-01-29;SAMEDI;8;25;29;42;46;9;42;29;25;46;8
2022-01-31;LUNDI;10;25;31;32;36;8;25;32;31;36;10
2022-02-02;MERCREDI;11;28;37;40;49;4;11;37;49;28;40
2022-02-05;SAMEDI;11;24;31;38;48;9;48;31;24;11;38
2022-02-07;LUNDI;15;18;31;37;46;3;37;15;18;31;46
2022-02-09;MERCREDI;21;31;44;46;48;1;44;48;31;46;21
2022-02-12;SAMEDI;22;28;37;40;45;10;45;22;28;40;37
2022-02-14;LUNDI;13;15;20;26;29;5;26;13;29;15;20
2022-02-16;MERCREDI;21;22;24;32;41;2;22;24;41;21;32
2022-02-19;SAMEDI;24;32;39;40;49;1;32;24;49;39;40
2022-02-21;LUNDI;2;6;10;17;32;5;2;6;10;32;17
2022-02-23;MERCREDI;6;12;14;15;33;8;33;15;6;12;14
2022-02-26;SAMEDI;22;28;29;30;39;3;29;39;28;22;30
2022-02-28;LUNDI;9;21;27;36;43;2;43;9;21;36;27
2022-03-02;MERCREDI;3;4;22;43;46;6;46;4;3;43;22
2022-03-05;SAMEDI;1;14;26;36;37;3;37;26;36;14;1
2022-03-07;LUNDI;8;15;27;29;41;4;8;27;29;15;41
2022-03-09;MERCREDI;8;21;25;32;41;4;32;8;21;41;25
2022-03-12;SAMEDI;5;16;21;33;47;5;16;47;33;21;5
2022-03-14;LUNDI;5;9;11;32;49;6;11;5;32;49;9
2022-03-16;MERCREDI;1;12;24;39;49;3;1;49;12;39;24
2022-03-19;SAMEDI;33;38;41;44;49;7;44;38;33;49;41
2022-03-21;LUNDI;5;10;26;35;46;9;10;26;46;35;5
2022-03-23;MERCREDI;2;18;20;29;39;10;20;2;29;39;18
2022-03-26;SAMEDI;10;12;34;37;40;5;40;10;37;34;12
2022-03-28;LUNDI;5;16;21;26;48;10;16;48;21;5;26
2022-03-30;MERCREDI;10;12;16;26;34;7;12;34;16;26;10
2022-04-02;SAMEDI;6;11;15;24;28;10;15;6;11;28;24
2022-04-04;LUNDI;10;22;23;33;36;6;23;22;33;36;10
2022-04-06;MERCREDI;6;12;20;38;48;7;6;20;48;12;38
2022-04-09;SAMEDI;3;13;15;29;40;10;3;15;13;29;40
2022-04-11;LUNDI;3;17;18;22;32;10;32;3;22;18;17
2022-04-13;MERCREDI;29;35;36;44;46;8;36;29;44;46;35
2022-04-16;SAMEDI;4;21;27;30;41;6;4;41;30;27;21
2022-04-18;LUNDI;9;10;33;39;47;5;10;39;33;9;47
2022-04-20;MERCREDI;4;13;33;45;46;7;45;46;4;13;33
2022-04-23;SAMEDI;9;11;20;42;44;4;44;20;11;9;42
2022-04-25;LUNDI;8;23;31;36;42;7;31;36;42;23;8
2022-04-27;MERCREDI;1;8;13;31;43;10;8;13;1;43;31
2022-04-30;SAMEDI;5;6;21;27;47;9;6;27;5;21;47
2022-05-02;LUNDI;8;13;20;46;47;7;46;20;13;47;8
2022-05-04;MERCREDI;12;17;30;37;41;2;37;30;17;12;41
2022-05-07;SAMEDI;7;15;23;37;38;3;23;37;38;7;15
2022-05-09;LUNDI;6;7;9;15;33;2;6;33;7;9;15
2022-05-11;MERCREDI;2;7;23;45;46;10;23;45;7;2;46
2022-05-14;SAMEDI;4;24;29;32;44;4;4;44;29;32;24
2022-05-16;LUNDI;4;14;21;32;33;1;21;33;4;14;32
2022-05-18;MERCREDI;14;22;23;36;45;7;14;23;22;45;36
2022-05-21;SAMEDI;1;7;12;21;41;4;1;12;41;7;21
2022-05-23;LUNDI;26;30;41;47;48;6;30;26;48;41;47
2022-05-25;MERCREDI;24;27;30;37;45;10;37;30;24;27;45
2022-05-28;SAMEDI;7;20;21;26;27;7;20;27;21;26;7
2022-05-30;LUNDI;12;13;14;22;38;2;22;12;38;13;14
2022-06-01;MERCREDI;2;4;22;33;35;7;33;4;35;22;2
2022-06-04;SAMEDI;6;9;17;23;42;5;9;23;17;42;6
2022-06-06;LUNDI;5;18;20;22;23;5;20;5;22;23;18
2022-06-08;MERCREDI;26;27;33;38;39;5;38;33;39;27;26
2022-06-11;SAMEDI;4;7;10;11;28;8;7;28;4;11;10
2022-06-13;LUNDI;31;43;44;45;46;10;44;45;46;43;31
2022-06-15;MERCREDI;11;13;21;37;44;6;11;37;44;13;21
2022-06-18;SAMEDI;1;12;28;31;32;9;31;1;12;32;28
2022-06-20;LUNDI;14;23;27;47;48;3;27;47;23;48;14
2022-06-22;MERCREDI;10;17;23;27;40;2;17;40;10;27;23
2022-06-25;SAMEDI;2;31;40;47;49;9;2;47;40;31;49
2022-06-27;LUNDI;24;31;34;36;37;1;34;31;36;24;37
2022-06-29;MERCREDI;16;24;26;43;47;9;16;47;43;24;26
2022-07-02;SAMEDI;20;22;32;34;46;9;32;20;22;46;34
2022-07-04;LUNDI;4;12;18;20;26;8;18;20;4;12;26
2022-07-06;MERCREDI;10;16;25;43;44;4;43;16;10;25;44
2022-07-09;SAMEDI;8;9;24;34;37;2;37;24;34;9;8
2022-07-11;LUNDI;1;5;10;47;49;1;10;5;49;47;1
2022-07-13;MERCREDI;7;30;31;46;48;3;30;48;7;31;46
2022-07-16;SAMEDI;3;4;14;33;49;3;3;33;4;49;14
2022-07-18;LUNDI;5;18;29;37;49;8;18;29;49;37;5
2022-07-20;MERCREDI;17;21;29;31;47;4;29;21;31;47;17
2022-07-23;SAMEDI;15;25;39;41;47;9;15;47;39;25;41
2022-07-25;LUNDI;7;13;24;26;42;2;26;42;13;7;24
2022-07-27;MERCREDI;13;31;43;46;47;10;13;43;31;47;46
2022-07-30;SAMEDI;2;14;21;24;38;6;14;21;24;2;38
2022-08-01;LUNDI;1;4;23;30;38;6;38;1;4;23;30
2022-08-03;MERCREDI;5;10;32;40;45;5;45;10;5;40;32
2022-08-06;SAMEDI;6;23;28;37;38;1;37;28;23;38;6
2022-08-08;LUNDI;3;22;37;40;41;2;41;22;3;37;40
2022-08-10;MERCREDI;9;11;15;28;35;2;15;35;11;28;9
2022-08-13;SAMEDI;11;17;37;38;39;2;17;38;37;11;39
2022-08-15;LUNDI;4;22;34;42;48;3;34;4;48;42;22
2022-08-17;MERCREDI;5;14;16;17;29;3;16;5;14;29;17
2022-08-20;SAMEDI;1;17;21;38;46;2;21;38;17;1;46
2022-08-22;LUNDI;2;9;39;44;46;9;39;46;2;9;44
2022-08-24;MERCREDI;22;27;36;39;42;10;39;42;36;27;22
2022-08-27;SAMEDI;11;22;32;34;39;3;32;39;22;11;34
2022-08-29;LUNDI;5;10;22;28;34;4;5;10;28;34;22
2022-08-31;MERCREDI;9;10;15;39;45;7;9;39;10;15;45
2022-09-03;SAMEDI;24;32;35;38;44;6;35;24;44;38;32
2022-09-05;LUNDI;1;5;27;35;40;4;5;1;35;27;40
2022-09-07;MERCREDI;3;20;29;30;35;9;20;35;30;3;29
2022-09-10;SAMEDI;3;8;24;25;49;5;25;3;8;49;24
2022-09-12;LUNDI;4;7;20;21;49;10;4;49;20;7;21
2022-09-14;MERCREDI;10;26;38;40;45;1;40;10;38;26;45
2022-09-17;SAMEDI;1;3;12;17;20;3;12;17;1;20;3
2022-09-19;LUNDI;5;7;15;33;44;1;5;7;44;15;33
2022-09-21;MERCREDI;3;9;12;22;37;10;3;12;22;9;37
2022-09-24;SAMEDI;4;6;7;25;32;10;25;6;32;7;4
2022-09-26;LUNDI;18;29;35;39;49;1;29;49;35;18;39
2022-09-28;MERCREDI;12;14;26;29;39;10;12;39;26;14;29
2022-10-01;SAMEDI;7;8;26;35;36;2;8;7;35;36;26
2022-10-03;LUNDI;7;20;23;31;40;1;20;40;31;7;23
2022-10-05;MERCREDI;14;23;32;35;39;7;32;23;39;35;14
2022-10-08;SAMEDI;16;17;20;34;48;7;17;20;48;16;34
2022-10-10;LUNDI;13;19;32;40;46;7;19;40;32;13;46
2022-10-12;MERCREDI;7;17;39;40;44;3;17;44;7;40;39
2022-10-15;SAMEDI;16;24;27;31;46;1;31;16;27;24;46
2022-10-17;LUNDI;16;20;38;40;49;2;38;49;20;16;40
2022-10-19;MERCREDI;16;25;35;38;46;8;35;16;38;46;25
2022-10-22;SAMEDI;2;7;12;25;35;10;12;2;25;35;7
2022-10-24;LUNDI;28;29;33;37;43;1;43;28;33;37;29
2022-10-26;MERCREDI;2;4;23;30;45;5;45;30;4;2;23
2022-10-29;SAMEDI;26;28;33;44;48;4;33;28;48;44;26
2022-10-31;LUNDI;4;25;34;44;45;7;34;25;45;44;4
2022-11-02;MERCREDI;4;7;26;38;45;2;45;7;38;4;26
2022-11-05;SAMEDI;6;23;32;38;40;10;40;6;38;23;32
2022-11-07;LUNDI;8;9;24;31;40;7;24;8;9;40;31
2022-11-09;MERCREDI;1;2;15;30;41;9;15;2;1;41;30
2022-11-12;SAMEDI;4;14;25;34;44;7;14;44;34;25;4
2022-11-14;LUNDI;14;23;28;34;44;5;28;23;34;44;14
2022-11-16;MERCREDI;1;3;8;38;48;1;1;8;48;38;3
2022-11-19;SAMEDI;1;19;24;28;40;8;40;24;19;1;28
2022-11-21;LUNDI;15;23;33;45;47;7;45;33;47;15;23
2022-11-23;MERCREDI;15;19;36;45;46;4;46;36;45;15;19
2022-11-26;SAMEDI;2;5;7;23;28;5;5;7;28;23;2
2022-11-28;LUNDI;2;9;13;24;46;6;24;46;9;2;13
2022-11-30;MERCREDI;18;28;30;44;49;5;44;18;28;49;30
2022-12-03;SAMEDI;19;26;27;32;34;9;32;19;34;26;27
2022-12-05;LUNDI;9;17;24;36;45;7;36;45;9;24;17
2022-12-07;MERCREDI;2;10;12;15;38;5;2;12;38;15;10
2022-12-10;SAMEDI;6;13;27;29;43;2;6;43;29;13;27
2022-12-12;LUNDI;2;25;35;46;47;10;46;25;47;2;35
2022-12-14;MERCREDI;4;6;15;20;37;10;15;37;4;20;6
2022-12-17;SAMEDI;8;23;27;42;46;3;46;27;42;23;8
2022-12-19;LUNDI;6;31;35;36;43;4;43;35;6;31;36
2022-12-21;MERCREDI;11;12;15;21;22;7;11;22;15;12;21
2022-12-24;SAMEDI;6;12;41;46;47;6;12;41;47;46;6
2022-12-26;LUNDI;6;23;32;48;49;4;6;23;32;49;48
2022-12-28;MERCREDI;1;3;8;29;35;8;29;1;3;35;8
2022-12-31;SAMEDI;11;16;23;35;39;8;35;39;16;11;23
2023-01-02;LUNDI;1;39;41;45;49;5;49;39;45;41;1
2023-01-04;MERCREDI;3;5;25;38;49;10;3;5;49;38;25
2023-01-07;SAMEDI;7;8;21;34;43;6;8;43;7;21;34
2023-01-09;LUNDI;1;20;30;38;48;3;38;1;48;30;20
2023-01-11;MERCREDI;3;8;16;17;47;9;8;16;17;3;47
2023-01-14;SAMEDI;13;14;22;36;40;9;22;36;40;13;14
2023-01-16;LUNDI;5;10;19;28;31;4;5;31;10;19;28
2023-01-18;MERCREDI;7;11;35;39;48;8;7;35;48;39;11
2023-01-21;SAMEDI;4;18;24;41;45;6;41;4;45;18;24
2023-01-23;LUNDI;6;10;28;32;35;9;28;6;10;35;32
2023-01-25;MERCREDI;18;21;26;32;44;10;32;26;44;18;21
2023-01-28;SAMEDI;5;15;30;44;45;5;15;44;5;30;45
2023-01-30;LUNDI;8;27;30;34;35;5;35;27;8;30;34
2023-02-01;MERCREDI;9;12;35;38;48;5;12;48;38;35;9
2023-02-04;SAMEDI;13;16;26;31;42;2;42;26;31;13;16
2023-02-06;LUNDI;5;6;13;21;32;3;32;13;5;21;6
2023-02-08;MERCREDI;16;21;24;34;44;7;44;24;16;21;34
2023-02-11;SAMEDI;9;15;43;45;47;9;43;9;15;47;45
2023-02-13;LUNDI;8;20;27;33;35;2;20;8;33;27;35
2023-02-15;MERCREDI;5;20;24;28;44;6;20;24;5;44;28
2023-02-18;SAMEDI;1;5;12;13;24;9;12;24;1;13;5
2023-02-20;LUNDI;16;22;35;41;43;7;35;43;41;22;16
2023-02-22;MERCREDI;3;24;31;35;37;4;37;35;3;24;31
2023-02-25;SAMEDI;1;3;19;34;43;3;34;19;3;1;43
2023-02-27;LUNDI;2;5;6;14;37;1;5;37;14;6;2
2023-03-01;MERCREDI;14;18;21;39;45;8;18;39;45;14;21
2023-03-04;SAMEDI;12;25;35;40;42;6;42;40;35;25;12
2023-03-06;LUNDI;5;18;24;38;41;7;24;38;41;18;5
2023-03-08;MERCREDI;7;10;16;35;46;5;10;7;46;16;35
2023-03-11;SAMEDI;6;14;18;33;34;6;6;34;14;33;18
2023-03-13;LUNDI;19;35;42;45;47;2;47;45;35;42;19
2023-03-15;MERCREDI;5;15;17;20;37;2;37;20;15;5;17
2023-03-18;SAMEDI;7;8;31;32;48;5;7;31;8;48;32
2023-03-20;LUNDI;7;10;19;26;38;8;38;19;10;26;7
2023-03-22;MERCREDI;12;20;24;33;38;2;24;38;33;12;20
2023-03-25;SAMEDI;3;7;11;29;34;4;3;34;29;7;11
2023-03-27;LUNDI;1;11;23;34;41;9;1;11;23;41;34
2023-03-29;MERCREDI;1;11;14;32;34;9;34;1;32;14;11
2023-04-01;SAMEDI;12;17;35;44;48;8;44;48;17;12;35
2023-04-03;LUNDI;15;31;39;46;49;4;49;15;39;31;46
2023-04-05;MERCREDI;16;29;31;33;39;2;31;33;16;29;39
2023-04-08;SAMEDI;3;19;35;42;48;10;19;35;48;3;42
2023-04-10;LUNDI;10;15;24;45;49;2;45;24;15;10;49
2023-04-12;MERCREDI;10;15;18;26;30;7;18;26;10;30;15
2023-04-15;SAMEDI;15;17;19;29;32;10;32;17;15;19;29
2023-04-17;LUNDI;3;13;18;42;43;9;3;18;42;13;43
2023-04-19;MERCREDI;5;34;41;43;46;5;43;41;5;46;34
2023-04-22;SAMEDI;12;13;26;35;48;1;12;26;48;13;35
2023-04-24;LUNDI;1;23;25;41;49;2;41;23;25;1;49
2023-04-26;MERCREDI;3;11;14;18;24;10;3;18;24;11;14
2023-04-29;SAMEDI;3;22;36;40;48;5;40;48;36;22;3
2023-05-01;LUNDI;5;15;33;41;44;10;15;41;33;44;5
2023-05-03;MERCREDI;13;17;20;23;45;8;17;23;13;20;45
2023-05-06;SAMEDI;2;25;30;42;47;10;47;25;42;2;30
2023-05-08;LUNDI;4;16;39;43;47;5;43;47;16;39;4
2023-05-10;MERCREDI;9;12;15;44;45;1;45;12;44;15;9
2023-05-13;SAMEDI;6;9;25;34;43;5;43;6;25;34;9
2023-05-15;LUNDI;7;9;12;29;48;4;12;9;48;7;29
2023-05-17;MERCREDI;2;8;11;40;47;7;8;2;11;47;40
2023-05-20;SAMEDI;3;8;18;25;37;6;25;18;3;8;37
2023-05-22;LUNDI;22;33;37;42;43;4;43;33;42;22;37
2023-05-24;MERCREDI;11;17;20;28;36;10;20;11;36;17;28
2023-05-27;SAMEDI;9;24;25;31;34;9;25;24;31;34;9
2023-05-29;LUNDI;12;24;28;36;38;3;12;38;28;24;36
2023-05-31;MERCREDI;9;13;28;40;43;3;43;9;40;28;13
2023-06-03;SAMEDI;2;37;39;44;46;4;46;44;37;2;39
2023-06-05;LUNDI;3;10;13;25;46;5;3;46;25;10;13
2023-06-07;MERCREDI;3;4;23;28;41;8;41;28;3;4;23
2023-06-10;SAMEDI;11;16;28;32;49;10;28;16;11;32;49
2023-06-12;LUNDI;12;19;21;26;28;2;12;26;28;19;21
2023-06-14;MERCREDI;9;12;14;16;33;2;14;9;16;12;33
2023-06-17;SAMEDI;28;29;38;43;44;3;28;43;29;38;44
2023-06-19;LUNDI;29;38;39;42;49;3;39;42;38;29;49
2023-06-21;MERCREDI;12;19;20;27;35;4;20;35;27;19;12
2023-06-24;SAMEDI;2;3;21;30;40;4;30;40;3;21;2
2023-06-26;LUNDI;14;16;21;26;48;3;14;21;48;16;26
2023-06-28;MERCREDI;12;34;36;42;49;10;49;34;36;12;42
2023-07-01;SAMEDI;7;9;15;18;24;10;24;7;18;15;9
2023-07-03;LUNDI;2;8;23;35;42;7;42;23;2;8;35
2023-07-05;MERCREDI;7;8;15;19;22;5;22;8;19;7;15
2023-07-08;SAMEDI;6;10;19;32;48;5;6;19;48;32;10
2023-07-10;LUNDI;3;8;10;14;44;2;14;3;10;44;8
2023-07-12;MERCREDI;18;26;27;31;34;8;31;18;34;27;26
2023-07-15;SAMEDI;7;12;32;42;45;6;7;32;42;45;12
2023-07-17;LUNDI;6;9;20;41;47;9;47;6;20;9;41
2023-07-19;MERCREDI;5;11;19;35;39;9;35;5;39;19;11
2023-07-22;SAMEDI;31;33;36;37;42;3;37;33;42;36;31
2023-07-24;LUNDI;1;12;17;31;45;7;12;1;31;45;17
2023-07-26;MERCREDI;11;17;18;28;49;7;17;49;18;28;11
2023-07-29;SAMEDI;1;18;29;37;49;4;1;49;29;18;37
2023-07-31;LUNDI;1;4;22;33;47;1;1;47;22;33;4
2023-08-02;MERCREDI;9;12;18;23;32;9;18;12;32;9;23
2023-08-05;SAMEDI;2;7;10;40;42;2;40;42;2;7;10
2023-08-07;LUNDI;1;11;15;47;48;7;11;1;15;48;47
2023-08-09;MERCREDI;3;6;14;31;45;9;6;31;45;14;3
2023-08-12;SAMEDI;1;9;20;39;44;9;9;20;44;1;39
2023-08-14;LUNDI;3;13;27;44;49;9;44;13;3;27;49
2023-08-16;MERCREDI;19;24;27;35;41;9;24;41;19;35;27
2023-08-19;SAMEDI;4;8;11;27;32;10;27;8;32;11;4
2023-08-21;LUNDI;3;4;17;22;36;6;3;17;4;36;22
2023-08-23;MERCREDI;8;25;29;34;46;7;46;29;25;8;34
2023-08-26;SAMEDI;14;15;21;34;45;5;15;14;21;34;45
2023-08-28;LUNDI;9;23;28;35;37;7;9;35;23;37;28
2023-08-30;MERCREDI;20;31;39;45;46;10;46;31;20;45;39
2023-09-02;SAMEDI;1;7;10;33;47;10;10;33;47;1;7
2023-09-04;LUNDI;2;11;13;27;36;10;27;13;2;11;36
2023-09-06;MERCREDI;4;15;30;33;47;10;47;30;15;33;4
2023-09-09;SAMEDI;3;4;7;15;42;4;15;7;3;42;4
2023-09-11;LUNDI;13;28;31;40;44;6;31;44;40;13;28
2023-09-13;MERCREDI;11;27;30;48;49;8;11;27;30;48;49
2023-09-16;SAMEDI;15;32;40;42;43;4;42;43;32;40;15
2023-09-18;LUNDI;5;17;30;35;40;6;5;30;40;35;17
2023-09-20;MERCREDI;16;19;29;37;48;1;48;19;37;16;29
2023-09-23;SAMEDI;6;26;28;37;40;8;26;28;40;37;6
2023-09-25;LUNDI;4;13;21;27;46;4;4;13;27;46;21
2023-09-27;MERCREDI;14;17;25;30;44;3;44;14;30;25;17
2023-09-30;SAMEDI;23;25;33;41;48;1;33;48;25;23;41
2023-10-02;LUNDI;3;6;15;17;40;1;6;40;17;15;3
2023-10-04;MERCREDI;21;26;27;31;40;1;26;21;40;27;31
2023-10-07;SAMEDI;5;9;12;26;42;2;5;12;42;9;26
2023-10-09;LUNDI;9;16;23;30;32;6;9;16;32;30;23
2023-10-11;MERCREDI;6;10;15;16;24;8;10;16;15;6;24
2023-10-14;SAMEDI;4;13;14;20;27;1;13;14;27;4;20
2023-10-16;LUNDI;6;7;25;37;47;9;6;7;37;25;47
2023-10-18;MERCREDI;3;13;22;46;49;1;22;13;46;49;3
2023-10-21;SAMEDI;3;14;25;28;47;10;47;14;28;3;25
2023-10-23;LUNDI;3;10;22;26;40;4;10;3;40;26;22
2023-10-25;MERCREDI;12;22;30;33;35;10;22;12;30;35;33
2023-10-28;SAMEDI;22;31;32;34;38;2;31;38;22;32;34
2023-10-30;LUNDI;1;8;13;30;34;4;30;34;8;1;13
2023-11-01;MERCREDI;1;16;27;32;46;1;32;46;27;1;16
2023-11-04;SAMEDI;13;20;25;40;46;7;20;13;46;40;25
2023-11-06;LUNDI;10;18;31;34;40;10;18;10;40;34;31
2023-11-08;MERCREDI;1;2;14;36;49;9;2;49;1;36;14
2023-11-11;SAMEDI;17;19;22;25;35;6;17;22;35;25;19
2023-11-13;LUNDI;13;23;39;45;46;7;46;39;23;45;13
2023-11-15;MERCREDI;2;7;16;22;30;1;22;7;16;30;2
2023-11-18;SAMEDI;12;20;21;29;48;3;12;21;48;29;20
2023-11-20;LUNDI;15;30;34;41;46;2;30;15;34;46;41
2023-11-22;MERCREDI;4;17;18;41;45;2;18;45;41;4;17
2023-11-25;SAMEDI;1;9;11;13;19;8;1;9;19;13;11
2023-11-27;LUNDI;8;9;19;26;46;9;19;8;46;26;9
2023-11-29;MERCREDI;6;10;21;30;31;1;21;30;6;31;10
2023-12-02;SAMEDI;11;12;19;25;28;4;25;19;12;11;28
2023-12-04;LUNDI;8;10;38;41;44;2;41;44;38;8;10
2023-12-06;MERCREDI;1;27;29;37;43;7;29;1;43;37;27
2023-12-09;SAMEDI;15;28;34;36;40;10;40;34;36;28;15
2023-12-11;LUNDI;12;16;25;48;49;10;25;48;16;12;49
2023-12-13;MERCREDI;4;7;18;19;22;10;4;19;22;18;7
2023-12-16;SAMEDI;1;12;15;30;44;1;1;15;12;30;44
2023-12-18;LUNDI;3;15;16;30;41;9;30;3;15;41;16
2023-12-20;MERCREDI;2;3;29;30;31;10;2;3;29;30;31
2023-12-23;SAMEDI;5;26;28;29;39;10;39;28;26;5;29
2023-12-25;LUNDI;1;7;9;32;47;1;9;32;7;47;1
2023-12-27;MERCREDI;13;16;26;28;41;8;16;41;26;28;13
2023-12-30;SAMEDI;7;11;12;36;38;6;36;12;7;11;38
2024-01-01;LUNDI;4;6;13;16;41;10;4;41;16;13;6
2024-01-03;MERCREDI;1;9;14;36;45;3;36;1;45;9;14
2024-01-06;SAMEDI;19;22;40;45;49;2;49;19;22;40;45
2024-01-08;LUNDI;6;11;46;48;49;2;6;48;11;49;46
2024-01-10;MERCREDI;12;28;32;38;45;9;12;28;32;45;38
2024-01-13;SAMEDI;12;15;21;29;48;6;12;15;21;29;48
2024-01-15;LUNDI;7;11;15;19;23;4;11;7;15;23;19
2024-01-17;MERCREDI;8;22;29;37;39;10;29;8;37;22;39
2024-01-20;SAMEDI;19;41;42;43;45;2;19;41;42;43;45
2024-01-22;LUNDI;5;20;29;32;37;9;32;29;37;20;5
2024-01-24;MERCREDI;9;25;31;32;34;5;25;9;34;31;32
2024-01-27;SAMEDI;2;14;30;33;47;5;47;2;14;33;30
2024-01-29;LUNDI;8;9;15;26;27;4;27;26;8;9;15
2024-01-31;MERCREDI;2;13;15;31;34;8;34;2;13;15;31
2024-02-03;SAMEDI;4;12;15;23;42;1;42;4;23;15;12
2024-02-05;LUNDI;3;33;34;36;42;2;36;3;33;34;42
2024-02-07;MERCREDI;6;13;23;24;34;4;24;13;23;6;34
2024-02-10;SAMEDI;15;34;37;40;44;8;44;15;37;34;40
2024-02-12;LUNDI;5;30;36;40;43;1;36;40;5;30;43
2024-02-14;MERCREDI;3;15;28;36;46;2;28;15;3;46;36
2024-02-17;SAMEDI;2;13;19;23;36;3;2;19;13;23;36
2024-02-19;LUNDI;8;16;23;35;42;2;35;23;16;42;8
2024-02-21;MERCREDI;9;22;33;42;45;3;42;22;9;33;45
2024-02-24;SAMEDI;14;22;25;37;45;3;14;45;37;22;25
2024-02-26;LUNDI;7;8;20;30;45;10;7;45;30;8;20
2024-02-28;MERCREDI;2;27;38;43;46;3;2;38;46;27;43
2024-03-02;SAMEDI;13;17;20;26;27;4;20;13;27;26;17
2024-03-04;LUNDI;8;18;25;27;37;8;25;8;18;27;37
2024-03-06;MERCREDI;8;12;43;46;49;8;12;8;43;46;49
2024-03-09;SAMEDI;7;25;28;29;35;2;29;28;25;7;35
2024-03-11;LUNDI;16;18;36;45;48;10;18;48;36;16;45
2024-03-13;MERCREDI;4;5;10;13;29;1;5;29;4;10;13
2024-03-16;SAMEDI;10;12;25;37;49;2;12;10;37;25;49
2024-03-18;LUNDI;20;30;36;40;48;8;36;48;30;20;40
2024-03-20;MERCREDI;3;22;24;32;46;5;24;46;3;22;32
2024-03-23;SAMEDI;20;32;34;47;49;1;47;49;20;34;32
2024-03-25;LUNDI;1;22;26;31;37;5;37;1;22;26;31
2024-03-27;MERCREDI;2;15;23;28;45;7;28;45;2;15;23
2024-03-30;SAMEDI;8;28;40;41;42;2;40;41;28;8;42
2024-04-01;LUNDI;9;12;15;17;26;8;9;17;15;12;26
2024-04-03;MERCREDI;5;12;26;36;46;4;26;46;5;12;36
2024-04-06;SAMEDI;2;6;27;36;43;5;27;2;36;43;6
2024-04-08;LUNDI;2;21;22;46;49;9;2;22;46;21;49
2024-04-10;MERCREDI;1;9;18;33;39;2;18;1;33;9;39
2024-04-13;SAMEDI;7;19;29;38;45;8;45;7;29;19;38
2024-04-15;LUNDI;2;21;24;31;36;6;24;2;21;36;31
2024-04-17;MERCREDI;6;8;17;24;48;10;48;6;8;17;24
2024-04-20;SAMEDI;10;13;16;22;24;7;13;10;22;24;16
2024-04-22;LUNDI;8;20;39;47;48;1;48;20;39;8;47
2024-04-24;MERCREDI;25;38;39;40;41;7;38;25;40;41;39
2024-04-27;SAMEDI;14;18;27;34;44;6;18;34;27;14;44
2024-04-29;LUNDI;3;20;30;47;49;7;49;47;20;3;30
2024-05-01;MERCREDI;5;15;17;25;42;7;17;42;25;5;15
2024-05-04;SAMEDI;2;6;12;16;19;3;2;16;19;12;6
2024-05-06;LUNDI;1;4;21;35;39;5;1;4;35;39;21
2024-05-08;MERCREDI;3;6;7;34;36;7;7;34;6;3;36
2024-05-11;SAMEDI;6;13;24;39;43;8;6;39;24;13;43
2024-05-13;LUNDI;12;13;18;25;26;4;26;13;25;12;18
2024-05-15;MERCREDI;9;15;16;20;21;1;21;16;9;20;15
2024-05-18;SAMEDI;14;15;34;37;45;2;14;34;37;15;45
2024-05-20;LUNDI;6;12;29;32;36;8;12;32;36;6;29
2024-05-22;MERCREDI;20;21;23;32;46;10;46;23;21;32;20
2024-05-25;SAMEDI;18;19;20;26;42;1;19;26;42;18;20
2024-05-27;LUNDI;19;32;41;42;47;1;41;19;32;42;47
2024-05-29;MERCREDI;10;19;28;37;38;7;10;19;28;38;37
2024-06-01;SAMEDI;2;3;27;43;48;8;27;2;48;43;3
2024-06-03;LUNDI;9;15;39;48;49;7;9;15;39;49;48
2024-06-05;MERCREDI;4;6;7;35;47;1;4;6;35;47;7
2024-06-08;SAMEDI;18;31;35;39;43;7;35;39;18;43;31
2024-06-10;LUNDI;5;28;34;39;47;8;47;5;34;28;39
2024-06-12;MERCREDI;3;6;13;28;33;4;28;3;6;33;13
2024-06-15;SAMEDI;8;16;30;40;42;2;8;16;42;30;40
2024-06-17;LUNDI;6;11;25;28;46;2;28;6;11;46;25
2024-06-19;MERCREDI;11;18;30;35;46;2;35;11;18;46;30
2024-06-22;SAMEDI;10;25;29;34;38;3;10;34;25;38;29
2024-06-24;LUNDI;1;6;45;47;48;6;48;47;6;45;1
2024-06-26;MERCREDI;10;21;25;38;41;8;21;10;38;41;25
2024-06-29;SAMEDI;1;17;24;30;43;7;17;24;30;43;1
2024-07-01;LUNDI;3;6;7;22;28;7;22;7;28;6;3
2024-07-03;MERCREDI;1;4;21;24;42;3;4;1;24;21;42
2024-07-06;SAMEDI;13;18;34;46;47;5;46;13;47;18;34
2024-07-08;LUNDI;7;8;24;31;42;6;7;42;31;8;24
2024-07-10;MERCREDI;3;5;11;16;39;9;16;3;5;39;11
2024-07-13;SAMEDI;5;6;21;24;42;8;21;5;6;24;42
2024-07-15;LUNDI;4;10;24;30;38;10;4;10;30;38;24
2024-07-17;MERCREDI;6;17;35;40;47;4;35;40;17;6;47
2024-07-20;SAMEDI;5;15;16;30;47;7;5;30;16;47;15
2024-07-22;LUNDI;25;27;35;42;49;9;49;35;25;27;42
2024-07-24;MERCREDI;8;11;18;40;47;2;40;11;18;8;47
2024-07-27;SAMEDI;8;21;28;42;47;4;21;8;28;42;47
2024-07-29;LUNDI;20;22;31;32;34;7;20;22;32;34;31
2024-07-31;MERCREDI;3;25;45;47;49;7;25;3;45;47;49
2024-08-03;SAMEDI;2;4;14;34;47;2;47;4;2;14;34
2024-08-05;LUNDI;7;21;24;27;31;3;24;21;7;31;27
2024-08-07;MERCREDI;24;27;39;46;47;9;27;47;24;39;46
2024-08-10;SAMEDI;17;28;31;36;37;10;36;31;37;28;17
2024-08-12;LUNDI;16;18;31;38;45;8;16;18;45;38;31
2024-08-14;MERCREDI;17;23;25;28;46;5;25;17;46;28;23
2024-08-17;SAMEDI;3;4;22;48;49;1;3;4;22;48;49
2024-08-19;LUNDI;10;18;19;20;28;5;10;18;20;19;28
2024-08-21;MERCREDI;3;15;19;20;31;7;3;20;15;31;19
2024-08-24;SAMEDI;13;20;29;30;36;5;13;29;30;20;36
2024-08-26;LUNDI;3;6;12;24;28;2;6;28;3;12;24
2024-08-28;MERCREDI;11;30;33;37;42;3;42;30;11;33;37
2024-08-31;SAMEDI;14;18;28;40;43;1;43;18;28;40;14
2024-09-02;LUNDI;5;6;12;26;27;6;27;12;26;6;5
2024-09-04;MERCREDI;2;4;22;26;40;8;4;2;26;22;40
2024-09-07;SAMEDI;9;15;31;43;48;9;48;43;31;9;15
2024-09-09;LUNDI;3;8;17;18;41;3;18;8;41;17;3
2024-09-11;MERCREDI;10;24;28;30;39;5;28;30;10;39;24
2024-09-14;SAMEDI;6;11;15;32;49;4;15;32;11;49;6
2024-09-16;LUNDI;17;27;30;31;48;8;27;31;48;30;17
2024-09-18;MERCREDI;2;23;42;44;47;5;2;44;42;47;23
2024-09-21;SAMEDI;2;4;19;30;32;9;32;30;4;2;19
2024-09-23;LUNDI;7;9;27;28;40;6;9;40;28;27;7
2024-09-25;MERCREDI;1;5;6;10;25;9;5;25;10;6;1
2024-09-28;SAMEDI;4;39;42;45;47;1;47;39;4;42;45
2024-09-30;LUNDI;1;17;24;33;49;9;1;33;49;24;17
2024-10-02;MERCREDI;2;4;10;12;49;9;2;10;4;49;12
2024-10-05;SAMEDI;7;13;16;30;43;6;30;16;7;13;43
2024-10-07;LUNDI;1;5;7;26;49;8;49;26;5;7;1
2024-10-09;MERCREDI;5;22;26;31;33;7;5;26;22;31;33
2024-10-12;SAMEDI;6;33;35;37;43;6;35;33;43;6;37
2024-10-14;LUNDI;18;20;41;42;47;2;42;18;47;41;20
2024-10-16;MERCREDI;1;21;25;35;48;3;1;25;48;21;35
2024-10-19;SAMEDI;2;10;44;45;46;5;10;2;44;46;45
2024-10-21;LUNDI;7;11;15;19;34;7;7;34;19;15;11
2024-10-23;MERCREDI;1;27;34;40;44;2;27;1;34;44;40
2024-10-26;SAMEDI;9;11;17;20;30;8;9;17;30;20;11
2024-10-28;LUNDI;9;21;39;41;43;3;21;39;43;9;41
2024-10-30;MERCREDI;4;8;10;29;44;1;4;44;10;29;8
2024-11-02;SAMEDI;1;21;31;43;49;6;31;49;43;21;1
2024-11-04;LUNDI;15;16;17;35;39;2;17;15;16;39;35
2024-11-06;MERCREDI;6;8;15;23;26;5;26;8;23;15;6
2024-11-09;SAMEDI;12;23;26;35;36;8;36;12;35;23;26
2024-11-11;LUNDI;6;8;11;35;46;6;8;35;46;6;11
2024-11-13;MERCREDI;9;12;13;32;39;10;9;12;32;39;13
2024-11-16;SAMEDI;5;7;19;29;46;4;46;5;29;7;19
2024-11-18;LUNDI;3;6;8;12;17;9;17;12;3;8;6
2024-11-20;MERCREDI;27;35;37;45;48;5;35;37;45;48;27
2024-11-23;SAMEDI;20;33;34;36;37;2;37;33;36;34;20
2024-11-25;LUNDI;3;7;13;37;49;5;13;7;37;49;3
2024-11-27;MERCREDI;7;15;20;31;35;6;15;7;31;35;20
2024-11-30;SAMEDI;4;10;19;21;38;1;21;4;10;38;19
2024-12-02;LUNDI;4;16;22;41;48;10;48;16;22;41;4
2024-12-04;MERCREDI;3;7;21;34;40;1;40;21;7;34;3
2024-12-07;SAMEDI;9;21;24;28;30;9;9;21;24;30;28
2024-12-09;LUNDI;5;6;9;25;38;6;38;5;9;25;6
2024-12-11;MERCREDI;8;19;24;28;43;6;28;24;8;43;19
2024-12-14;SAMEDI;22;24;30;40;44;7;30;22;44;40;24
2024-12-16;LUNDI;5;6;26;36;43;3;43;5;26;36;6
2024-12-18;MERCREDI;8;14;26;27;46;2;8;27;26;46;14
2024-12-21;SAMEDI;6;16;28;36;41;8;41;16;6;28;36
2024-12-23;LUNDI;2;13;17;22;38;7;22;17;38;2;13
2024-12-25;MERCREDI;6;13;22;44;46;8;46;6;22;44;13
2024-12-28;SAMEDI;7;13;31;37;39;6;31;7;37;39;13
2024-12-30;LUNDI;1;13;21;29;31;10;13;31;29;1;21
2025-01-01;MERCREDI;2;8;11;21;25;4;8;11;2;25;21
2025-01-04;SAMEDI;9;17;19;20;29;2;17;20;9;19;29
2025-01-06;LUNDI;3;8;16;31;42;7;3;31;8;16;42
2025-01-08;MERCREDI;14;24;26;34;38;8;14;34;38;24;26
2025-01-11;SAMEDI;6;20;29;41;42;9;42;20;6;29;41
2025-01-13;LUNDI;3;7;24;31;41;2;31;3;24;41;7
2025-01-15;MERCREDI;1;22;27;28;40;2;1;22;40;27;28
2025-01-18;SAMEDI;1;4;11;33;44;7;11;1;4;33;44
2025-01-20;LUNDI;6;19;28;36;40;2;19;28;36;40;6
2025-01-22;MERCREDI;23;29;36;38;44;9;29;36;23;44;38
2025-01-25;SAMEDI;5;19;35;44;45;8;45;35;44;5;19
2025-01-27;LUNDI;3;10;24;39;48;3;24;39;48;3;10
2025-01-29;MERCREDI;17;19;27;29;41;2;29;41;17;27;19
2025-02-01;SAMEDI;11;30;34;36;46;5;34;46;11;30;36
2025-02-03;LUNDI;27;29;32;44;48;8;29;48;32;27;44
2025-02-05;MERCREDI;5;8;14;24;28;9;14;8;24;28;5
2025-02-08;SAMEDI;11;26;42;43;49;8;49;26;11;43;42
2025-02-10;LUNDI;2;12;29;39;44;6;39;44;12;29;2
2025-02-12;MERCREDI;1;23;30;37;41;5;1;37;41;30;23
2025-02-15;SAMEDI;6;13;42;48;49;3;48;42;13;49;6
2025-02-17;LUNDI;3;14;20;34;40;6;40;3;14;20;34
2025-02-19;MERCREDI;16;23;28;32;42;5;42;23;16;32;28
2025-02-22;SAMEDI;23;25;28;30;39;7;28;30;23;39;25
2025-02-24;LUNDI;5;13;32;38;46;5;32;5;13;38;46
2025-02-26;MERCREDI;3;11;15;17;44;9;44;11;3;15;17
2025-03-01;SAMEDI;8;9;14;28;33;4;14;28;33;9;8
2025-03-03;LUNDI;4;6;13;28;41;1;41;13;28;6;4
2025-03-05;MERCREDI;7;26;28;30;47;4;47;28;7;26;30
2025-03-08;SAMEDI;2;3;10;11;18;2;18;2;10;3;11
2025-03-10;LUNDI;13;15;23;24;39;1;23;24;13;15;39
2025-03-12;MERCREDI;10;16;21;24;32;7;21;10;24;32;16
2025-03-15;SAMEDI;6;21;27;31;40;7;27;6;31;21;40
2025-03-17;LUNDI;9;16;20;26;32;7;16;32;26;9;20
2025-03-19;MERCREDI;3;12;14;15;45;3;15;14;3;45;12
2025-03-22;SAMEDI;3;20;23;36;49;6;3;49;36;20;23
2025-03-24;LUNDI;21;29;35;46;47;1;35;29;47;46;21
2025-03-26;MERCREDI;4;11;19;21;41;7;4;41;21;19;11
2025-03-29;SAMEDI;7;12;14;31;41;5;14;31;41;7;12
2025-03-31;LUNDI;3;4;16;28;38;4;3;4;28;16;38
2025-04-02;MERCREDI;4;5;15;34;45;9;45;5;34;15;4
2025-04-05;SAMEDI;8;14;22;27;30;7;14;30;22;8;27
2025-04-07;LUNDI;2;13;21;34;38;1;21;34;13;38;2
2025-04-09;MERCREDI;12;16;36;46;47;9;36;16;12;47;46
2025-04-12;SAMEDI;3;10;13;18;47;1;3;18;10;13;47
2025-04-14;LUNDI;25;31;33;37;40;9;33;40;25;31;37
2025-04-16;MERCREDI;13;27;38;39;40;10;13;38;27;40;39
2025-04-19;SAMEDI;11;16;19;20;32;6;19;11;32;16;20
2025-04-21;LUNDI;5;8;13;30;48;5;5;13;30;48;8
2025-04-23;MERCREDI;3;5;15;20;35;8;5;3;35;20;15
2025-04-26;SAMEDI;3;15;23;39;45;9;39;15;23;45;3
2025-04-28;LUNDI;3;6;14;35;36;2;6;3;14;35;36
2025-04-30;MERCREDI;3;5;8;31;42;8;8;31;42;3;5
2025-05-03;SAMEDI;19;37;38;39;42;5;38;39;37;19;42
2025-05-05;LUNDI;8;9;34;38;47;3;8;34;38;47;9
2025-05-07;MERCREDI;1;32;36;41;46;9;32;36;1;41;46
2025-05-10;SAMEDI;12;13;29;42;49;9;49;12;42;29;13
2025-05-12;LUNDI;2;6;12;16;24;4;12;24;6;16;2
2025-05-14;MERCREDI;12;31;34;42;43;10;34;42;31;12;43
2025-05-17;SAMEDI;9;12;13;14;18;3;18;13;9;12;14
2025-05-19;LUNDI;8;30;33;42;43;4;8;30;43;42;33
2025-05-21;MERCREDI;7;10;11;18;49;3;11;49;10;18;7
2025-05-24;SAMEDI;14;32;39;45;49;9;49;39;45;14;32
2025-05-26;LUNDI;24;33;36;41;45;7;41;24;36;33;45
2025-05-28;MERCREDI;4;25;26;32;38;4;26;32;25;38;4
2025-05-31;SAMEDI;4;11;27;37;39;3;4;11;27;37;39
2025-06-02;LUNDI;8;13;25;29;36;2;25;36;29;8;13
2025-06-04;MERCREDI;2;18;38;41;45;8;2;45;41;18;38
2025-06-07;SAMEDI;7;30;37;40;45;1;7;30;40;37;45
2025-06-09;LUNDI;5;12;25;34;38;10;25;38;5;34;12
2025-06-11;MERCREDI;7;9;15;18;19;6;9;19;7;18;15
2025-06-14;SAMEDI;16;21;25;31;44;8;25;21;31;44;16
2025-06-16;LUNDI;1;2;4;13;39;1;1;2;13;39;4
2025-06-18;MERCREDI;9;13;19;24;36;3;9;36;13;24;19
2025-06-21;SAMEDI;18;20;25;34;49;2;34;25;49;18;20
2025-06-23;LUNDI;20;25;38;42;44;10;20;42;38;44;25
2025-06-25;MERCREDI;2;5;26;32;44;10;32;26;2;5;44
2025-06-28;SAMEDI;2;3;4;20;28;6;4;2;20;3;28
2025-06-30;LUNDI;8;10;12;17;18;4;17;12;8;10;18
2025-07-02;MERCREDI;19;25;29;30;38;10;25;19;29;38;30
2025-07-05;SAMEDI;25;32;37;42;46;10;32;46;37;25;42
2025-07-07;LUNDI;3;18;26;27;41;6;18;41;27;26;3
2025-07-09;MERCREDI;1;22;25;36;45;4;36;1;45;22;25
2025-07-12;SAMEDI;13;36;39;48;49;7;39;49;36;48;13
2025-07-14;LUNDI;6;20;27;28;37;3;37;28;27;6;20
2025-07-16;MERCREDI;3;34;36;41;45;4;3;34;45;41;36
2025-07-19;SAMEDI;18;19;24;25;45;1;25;18;19;45;24
2025-07-21;LUNDI;5;9;16;26;33;8;5;9;26;16;33
2025-07-23;MERCREDI;5;18;29;30;43;2;18;30;5;43;29
2025-07-26;SAMEDI;1;9;19;32;44;3;1;19;44;32;9
2025-07-28;LUNDI;6;22;25;27;30;5;25;6;22;27;30
2025-07-30;MERCREDI;3;13;20;37;41;3;13;20;3;41;37
2025-08-02;SAMEDI;14;15;22;31;48;2;14;22;15;31;48
2025-08-04;LUNDI;6;10;31;34;43;5;6;43;10;31;34
2025-08-06;MERCREDI;5;18;19;23;49;8;5;23;18;19;49
2025-08-09;SAMEDI;6;15;19;21;38;8;19;6;38;21;15
2025-08-11;LUNDI;1;10;30;40;44;2;40;30;44;1;10
2025-08-13;MERCREDI;9;31;36;42;47;1;47;9;31;36;42
2025-08-16;SAMEDI;4;5;18;31;45;7;31;5;18;45;4
2025-08-18;LUNDI;2;8;21;26;27;6;8;27;21;2;26
2025-08-20;MERCREDI;1;2;27;36;40;7;2;27;36;40;1
2025-08-23;SAMEDI;15;20;23;30;49;9;49;23;15;20;30
2025-08-25;LUNDI;14;21;22;32;42;2;32;22;42;21;14
2025-08-27;MERCREDI;7;12;20;31;40;6;7;12;31;20;40
2025-08-30;SAMEDI;4;15;23;34;39;10;23;15;34;39;4
2025-09-01;LUNDI;4;25;33;38;44;4;44;38;33;25;4
2025-09-03;MERCREDI;2;24;30;31;36;5;31;30;24;2;36
2025-09-06;SAMEDI;4;17;18;21;26;1;26;21;18;17;4
2025-09-08;LUNDI;10;21;22;30;42;8;30;42;21;10;22
2025-09-10;MERCREDI;14;17;18;24;49;7;18;49;14;24;17
2025-09-13;SAMEDI;6;28;29;31;41;10;29;31;6;41;28
2025-09-15;LUNDI;2;10;17;30;32;5;30;2;10;32;17
2025-09-17;MERCREDI;2;25;32;37;47;3;2;25;47;32;37
2025-09-20;SAMEDI;10;18;36;39;47;7;36;18;10;39;47
2025-09-22;LUNDI;5;10;29;41;47;4;10;41;5;29;47
2025-09-24;MERCREDI;3;21;23;31;32;4;3;32;21;23;31
2025-09-27;SAMEDI;3;11;19;45;46;4;45;46;3;19;11
2025-09-29;LUNDI;5;17;27;32;44;4;27;32;44;5;17
2025-10-01;MERCREDI;5;10;35;41;44;7;10;5;41;35;44
2025-10-04;SAMEDI;4;6;29;31;45;8;6;45;31;29;4
2025-10-06;LUNDI;1;10;22;26;30;9;22;10;30;1;26
2025-10-08;MERCREDI;5;10;25;39;47;7;5;47;39;10;25
2025-10-11;SAMEDI;3;5;12;32;40;4;5;3;40;32;12
2025-10-13;LUNDI;2;11;36;45;49;7;2;11;36;45;49
2025-10-15;MERCREDI;1;9;17;22;48;5;17;1;22;9;48
2025-10-18;SAMEDI;11;17;19;47;49;1;17;49;47;11;19
2025-10-20;LUNDI;12;24;34;38;43;1;38;24;12;43;34
2025-10-22;MERCREDI;4;29;31;39;49;1;49;29;31;4;39
2025-10-25;SAMEDI;4;5;6;16;35;1;6;16;4;5;35
2025-10-27;LUNDI;10;23;45;47;48;8;48;47;23;45;10
2025-10-29;MERCREDI;6;7;34;35;45;8;7;6;45;34;35
2025-11-01;SAMEDI;3;17;24;26;33;6;3;33;17;24;26
2025-11-03;LUNDI;2;3;29;32;49;2;32;3;49;29;2
2025-11-05;MERCREDI;19;23;29;31;45;4;45;29;31;23;19
2025-11-08;SAMEDI;16;27;32;36;48;8;16;32;48;36;27
2025-11-10;LUNDI;8;9;16;37;45;2;8;37;9;16;45
2025-11-12;MERCREDI;3;8;29;33;37;2;8;29;33;37;3
2025-11-15;SAMEDI;5;11;22;23;24;3;11;5;23;22;24
2025-11-17;LUNDI;7;17;26;28;45;6;26;45;28;17;7
2025-11-19;MERCREDI;24;26;33;45;46;2;46;26;33;45;24
2025-11-22;SAMEDI;7;10;34;40;45;6;7;10;45;34;40
2025-11-24;LUNDI;22;28;29;36;47;1;47;29;36;28;22
2025-11-26;MERCREDI;9;14;16;26;33;5;14;16;26;9;33
2025-11-29;SAMEDI;8;13;20;23;27;3;8;13;20;27;23
2025-12-01;LUNDI;11;13;14;38;46;1;38;46;11;13;14
2025-12-03;MERCREDI;10;13;18;28;36;8;28;13;10;36;18
2025-12-06;SAMEDI;2;14;24;33;34;1;14;2;24;34;33
2025-12-08;LUNDI;8;9;11;17;41;1;9;41;8;11;17
2025-12-10;MERCREDI;33;34;35;39;44;10;34;44;33;35;39
2025-12-13;SAMEDI;7;10;15;22;25;7;25;15;7;10;22
2025-12-15;LUNDI;26;32;38;42;43;6;38;43;32;26;42
2025-12-17;MERCREDI;2;14;20;30;49;2;2;14;49;20;30
2025-12-20;SAMEDI;16;28;37;42;47;2;28;16;42;47;37
2025-12-22;LUNDI;16;20;40;41;49;9;40;20;49;16;41
2025-12-24;MERCREDI;5;9;33;42;45;1;5;42;45;9;33
2025-12-27;SAMEDI;16;17;41;42;49;10;17;16;41;42;49
2025-12-29;LUNDI;10;21;33;43;47;3;21;10;47;43;33
2025-12-31;MERCREDI;6;15;19;39;43;1;43;6;19;39;15
2026-01-03;SAMEDI;9;29;30;31;40;2;29;30;31;9;40
2026-01-05;LUNDI;5;13;23;30;31;6;30;13;23;31;5
2026-01-07;MERCREDI;5;17;30;35;36;3;5;36;35;17;30
2026-01-10;SAMEDI;1;7;16;35;36;3;16;1;36;7;35
2026-01-12;LUNDI;2;13;24;32;39;6;2;39;32;24;13
2026-01-14;MERCREDI;4;5;23;28;31;5;23;28;5;4;31
2026-01-17;SAMEDI;12;26;34;42;49;6;42;34;26;12;49
2026-01-19;LUNDI;12;13;16;24;34;4;13;34;16;24;12
2026-01-21;MERCREDI;25;27;29;40;45;10;40;25;29;27;45
2026-01-24;SAMEDI;10;18;30;33;39;8;30;39;10;33;18
2026-01-26;LUNDI;9;25;28;32;36;4;25;32;28;9;36
2026-01-28;MERCREDI;7;10;11;30;42;4;42;7;11;30;10
2026-01-31;SAMEDI;1;4;14;21;24;4;24;14;4;1;21
